gs://vertex-ai-project-up202310061/images/0579dc08d5951958.jpg,Wine glass
gs://vertex-ai-project-up202310061/images/0cda3f209a5461ed.jpg,Wine glass
gs://vertex-ai-project-up202310061/images/112938a7ac5ddfa0.jpg,Wine glass
gs://vertex-ai-project-up202310061/images/3c878b9b010cda33.jpg,Wine glass
gs://vertex-ai-project-up202310061/images/3cc09b22cc15e964.jpg,Wine glass
gs://vertex-ai-project-up202310061/images/4ea72fa2da9b02fb.jpg,Wine glass
gs://vertex-ai-project-up202310061/images/5d92cee37412fc79.jpg,Wine glass
gs://vertex-ai-project-up202310061/images/5eb764170f95db6e.jpg,Wine glass
gs://vertex-ai-project-up202310061/images/6404a1458edda1a5.jpg,Wine glass
gs://vertex-ai-project-up202310061/images/6837cb47d1cf10a8.jpg,Wine glass
gs://vertex-ai-project-up202310061/images/6ba919d4793a19d1.jpg,Wine glass
gs://vertex-ai-project-up202310061/images/717b02ed63771dda.jpg,Wine glass
gs://vertex-ai-project-up202310061/images/06a59e199abc5a32.jpg,Cart
gs://vertex-ai-project-up202310061/images/11f4313c24c2e27b.jpg,Cart
gs://vertex-ai-project-up202310061/images/152cd13c1cc76f30.jpg,Cart
gs://vertex-ai-project-up202310061/images/16e8f86da2ff7589.jpg,Cart
gs://vertex-ai-project-up202310061/images/1c69867a61d1427c.jpg,Cart
gs://vertex-ai-project-up202310061/images/38453c8b8e3e3831.jpg,Cart
gs://vertex-ai-project-up202310061/images/3a1f4c8a42364f6c.jpg,Cart
gs://vertex-ai-project-up202310061/images/43efb63c01f2274c.jpg,Wheelchair
gs://vertex-ai-project-up202310061/images/5a5bb3dfd86df4da.jpg,Cart
gs://vertex-ai-project-up202310061/images/5fa734f3cc9ebb83.jpg,Cart
gs://vertex-ai-project-up202310061/images/695a9373e2414564.jpg,Cart
gs://vertex-ai-project-up202310061/images/11c5847810341c03.jpg,Wheelchair
gs://vertex-ai-project-up202310061/images/2586525e1856b040.jpg,Wheelchair
gs://vertex-ai-project-up202310061/images/6f278aec6a3b147c.jpg,Wheelchair
gs://vertex-ai-project-up202310061/images/8d9f510691d4eb4b.jpg,Wheelchair
gs://vertex-ai-project-up202310061/images/c52577499589f61e.jpg,Wheelchair
gs://vertex-ai-project-up202310061/images/c893e028bb740920.jpg,Wheelchair
gs://vertex-ai-project-up202310061/images/d74d443359eddf80.jpg,Wheelchair
gs://vertex-ai-project-up202310061/images/f1a9822e5c748c54.jpg,Wheelchair
gs://vertex-ai-project-up202310061/images/f6620972fade3edf.jpg,Wheelchair
gs://vertex-ai-project-up202310061/images/0bcc1d9f92e418b4.jpg,Otter
gs://vertex-ai-project-up202310061/images/3e4533865eadfab8.jpg,Otter
gs://vertex-ai-project-up202310061/images/45881b752041627c.jpg,Otter
gs://vertex-ai-project-up202310061/images/48d1324355471f44.jpg,Otter
gs://vertex-ai-project-up202310061/images/6aec05b9572ed395.jpg,Otter
gs://vertex-ai-project-up202310061/images/6ffbbdde01f7f07b.jpg,Otter
gs://vertex-ai-project-up202310061/images/72dcbf4edca04ee7.jpg,Otter
gs://vertex-ai-project-up202310061/images/978beaecda749eb2.jpg,Otter
gs://vertex-ai-project-up202310061/images/9f1f0321de47db2e.jpg,Otter
gs://vertex-ai-project-up202310061/images/a1b204b6512f9242.jpg,Otter
gs://vertex-ai-project-up202310061/images/a3395cc9ed29cb61.jpg,Otter
gs://vertex-ai-project-up202310061/images/a46e8558b5aa552a.jpg,Otter
gs://vertex-ai-project-up202310061/images/a88b7f60e36901ef.jpg,Otter
gs://vertex-ai-project-up202310061/images/b5343045256d1fe9.jpg,Otter
gs://vertex-ai-project-up202310061/images/b84b4af0d59cf9ee.jpg,Otter
gs://vertex-ai-project-up202310061/images/b96b430175531b2c.jpg,Otter
gs://vertex-ai-project-up202310061/images/ba309d06b0122fd9.jpg,Otter
gs://vertex-ai-project-up202310061/images/00de2ece78fcd2b2.jpg,Motorcycle
gs://vertex-ai-project-up202310061/images/051bcba3867f4a45.jpg,Motorcycle
gs://vertex-ai-project-up202310061/images/0a8da32e8ee3c54f.jpg,Motorcycle
gs://vertex-ai-project-up202310061/images/0c65e368f3e3d414.jpg,Motorcycle
gs://vertex-ai-project-up202310061/images/0dc0f3466796b3f4.jpg,Motorcycle
gs://vertex-ai-project-up202310061/images/15588d2079a35327.jpg,Motorcycle
gs://vertex-ai-project-up202310061/images/19236c7246a7c659.jpg,Motorcycle
gs://vertex-ai-project-up202310061/images/1d507080489d381d.jpg,Motorcycle
gs://vertex-ai-project-up202310061/images/2221fa0eeb786453.jpg,Motorcycle
gs://vertex-ai-project-up202310061/images/23df6a4272d1791a.jpg,Motorcycle
gs://vertex-ai-project-up202310061/images/24d38da7a036e8fd.jpg,Motorcycle
gs://vertex-ai-project-up202310061/images/27af2ae8a9012963.jpg,Motorcycle
gs://vertex-ai-project-up202310061/images/2bd6206114824f94.jpg,Motorcycle
gs://vertex-ai-project-up202310061/images/35e2c4b92694e748.jpg,Motorcycle
gs://vertex-ai-project-up202310061/images/3623f736e228da04.jpg,Motorcycle
gs://vertex-ai-project-up202310061/images/38e148a27254c701.jpg,Motorcycle
gs://vertex-ai-project-up202310061/images/00b6be538644be0b.jpg,Cat
gs://vertex-ai-project-up202310061/images/01e836367cfb0c76.jpg,Cat
gs://vertex-ai-project-up202310061/images/0329708e66a64efb.jpg,Cat
gs://vertex-ai-project-up202310061/images/04bd02346a23482a.jpg,Cat
gs://vertex-ai-project-up202310061/images/0657ea93e09eeab8.jpg,Cat
gs://vertex-ai-project-up202310061/images/07adde55744da629.jpg,Cat
gs://vertex-ai-project-up202310061/images/08e305c9897827dd.jpg,Cat
gs://vertex-ai-project-up202310061/images/09c1c18e1ca3f7c3.jpg,Cat
gs://vertex-ai-project-up202310061/images/0a4bfa962852da33.jpg,Cat
gs://vertex-ai-project-up202310061/images/0b748340e89165f4.jpg,Cat
gs://vertex-ai-project-up202310061/images/0c783b33f01f7cac.jpg,Cat
gs://vertex-ai-project-up202310061/images/14857eda90de0088.jpg,Cat
gs://vertex-ai-project-up202310061/images/15a5de5a0c020a80.jpg,Cat
gs://vertex-ai-project-up202310061/images/0fb9d436e33e58ae.jpg,Rifle
gs://vertex-ai-project-up202310061/images/1030ac5cdc409d2b.jpg,Rifle
gs://vertex-ai-project-up202310061/images/1172ba5fda6fbfb6.jpg,Rifle
gs://vertex-ai-project-up202310061/images/1bdb699e7952718f.jpg,Rifle
gs://vertex-ai-project-up202310061/images/1fc4c32ce17b6563.jpg,Rifle
gs://vertex-ai-project-up202310061/images/2bdd180a14741b37.jpg,Rifle
gs://vertex-ai-project-up202310061/images/30f1319a6fbedc23.jpg,Rifle
gs://vertex-ai-project-up202310061/images/4b5202f92bbf9f59.jpg,Rifle
gs://vertex-ai-project-up202310061/images/4e030db7e2039d02.jpg,Rifle
gs://vertex-ai-project-up202310061/images/08ae030230003b95.jpg,Broccoli
gs://vertex-ai-project-up202310061/images/2369cbac84549ef2.jpg,Broccoli
gs://vertex-ai-project-up202310061/images/6e8d991f33cf4d9a.jpg,Broccoli
gs://vertex-ai-project-up202310061/images/7eeb11c250c57ee6.jpg,Broccoli
gs://vertex-ai-project-up202310061/images/8b23b54ade9aba4a.jpg,Broccoli
gs://vertex-ai-project-up202310061/images/99cec000cabcc04a.jpg,Broccoli
gs://vertex-ai-project-up202310061/images/9b64dfe4f61c7cea.jpg,Broccoli
gs://vertex-ai-project-up202310061/images/a9f9f6e637081b91.jpg,Broccoli
gs://vertex-ai-project-up202310061/images/b9a4fcbed407cf2e.jpg,Broccoli
gs://vertex-ai-project-up202310061/images/eacda0345c733a1b.jpg,Broccoli
gs://vertex-ai-project-up202310061/images/0dd4d0fdc3f31764.jpg,Hamburger
gs://vertex-ai-project-up202310061/images/0f8132ee74b14bf3.jpg,Hamburger
gs://vertex-ai-project-up202310061/images/12f2c5a276b5f8aa.jpg,Hamburger
gs://vertex-ai-project-up202310061/images/1e2ce85cc167f317.jpg,Hamburger
gs://vertex-ai-project-up202310061/images/202ac57cadf0fd21.jpg,Hamburger
gs://vertex-ai-project-up202310061/images/21002b2a48909671.jpg,Hamburger
gs://vertex-ai-project-up202310061/images/4890a8a0ba7dbadf.jpg,Hamburger
gs://vertex-ai-project-up202310061/images/498807286125cc50.jpg,Hamburger
gs://vertex-ai-project-up202310061/images/5bdd18761f52b09c.jpg,Hamburger
gs://vertex-ai-project-up202310061/images/60e5e99b3321d54e.jpg,Hamburger
gs://vertex-ai-project-up202310061/images/616525484aa44900.jpg,Hamburger
gs://vertex-ai-project-up202310061/images/028f5c405acad378.jpg,Airplane
gs://vertex-ai-project-up202310061/images/031d6107792ecdfa.jpg,Airplane
gs://vertex-ai-project-up202310061/images/04d0c65af7de20ff.jpg,Airplane
gs://vertex-ai-project-up202310061/images/053cfe56f56f516a.jpg,Airplane
gs://vertex-ai-project-up202310061/images/0594d97f004de3ea.jpg,Airplane
gs://vertex-ai-project-up202310061/images/07cd64a3367631ad.jpg,Airplane
gs://vertex-ai-project-up202310061/images/09f749457cedfbd4.jpg,Airplane
gs://vertex-ai-project-up202310061/images/04894d2fedd5921a.jpg,Wine glass
gs://vertex-ai-project-up202310061/images/04bc6b643d1551ba.jpg,Wine glass
gs://vertex-ai-project-up202310061/images/07f6a6665d7c5e56.jpg,Wine glass
gs://vertex-ai-project-up202310061/images/0f9975603b5e2dcd.jpg,Wine glass
gs://vertex-ai-project-up202310061/images/13d3e7f511e6b52f.jpg,Wine glass
gs://vertex-ai-project-up202310061/images/221047d075da47f8.jpg,Wine glass
gs://vertex-ai-project-up202310061/images/3d045770d7284126.jpg,Wine glass
gs://vertex-ai-project-up202310061/images/585a5c842c8d47fb.jpg,Wine glass
gs://vertex-ai-project-up202310061/images/62bb56abf05b84d5.jpg,Wine glass
gs://vertex-ai-project-up202310061/images/677f20d1afd00552.jpg,Wine glass
gs://vertex-ai-project-up202310061/images/6cb10e425b25ba0b.jpg,Wine glass
gs://vertex-ai-project-up202310061/images/7271913780239fe8.jpg,Wine glass
gs://vertex-ai-project-up202310061/images/043cfbb97cf7d0ef.jpg,Cart
gs://vertex-ai-project-up202310061/images/046ef288c50e35c9.jpg,Cart
gs://vertex-ai-project-up202310061/images/05d9d537060881b6.jpg,Cart
gs://vertex-ai-project-up202310061/images/201ae7fc6a5d9445.jpg,Cart
gs://vertex-ai-project-up202310061/images/230c3eb8f22cee77.jpg,Cart
gs://vertex-ai-project-up202310061/images/2acf31d17969d4d0.jpg,Cart
gs://vertex-ai-project-up202310061/images/3103160b660851e5.jpg,Cart
gs://vertex-ai-project-up202310061/images/390b6cf74ebadda9.jpg,Cart
gs://vertex-ai-project-up202310061/images/3b7fd28ef45b9015.jpg,Cart
gs://vertex-ai-project-up202310061/images/3e5f78deb34f2bf8.jpg,Cart
gs://vertex-ai-project-up202310061/images/53041171ff9598a5.jpg,Cart
gs://vertex-ai-project-up202310061/images/57c3a60967191667.jpg,Cart
gs://vertex-ai-project-up202310061/images/5d64de232c93d474.jpg,Cart
gs://vertex-ai-project-up202310061/images/5dd77b1499cc1611.jpg,Cart
gs://vertex-ai-project-up202310061/images/1be99f232ab26f26.jpg,Wheelchair
gs://vertex-ai-project-up202310061/images/23013e88618ca819.jpg,Wheelchair
gs://vertex-ai-project-up202310061/images/36a6d6b934ddc333.jpg,Wheelchair
gs://vertex-ai-project-up202310061/images/3e1dcab99baa5c41.jpg,Wheelchair
gs://vertex-ai-project-up202310061/images/5b15b513730f85b2.jpg,Wheelchair
gs://vertex-ai-project-up202310061/images/6c9144d1bbcbafdf.jpg,Wheelchair
gs://vertex-ai-project-up202310061/images/7882f2c9f459e1db.jpg,Wheelchair
gs://vertex-ai-project-up202310061/images/7b127674668d98e4.jpg,Wheelchair
gs://vertex-ai-project-up202310061/images/9943a6a9a1f902d8.jpg,Wheelchair
gs://vertex-ai-project-up202310061/images/9d0deb76f4de9125.jpg,Wheelchair
gs://vertex-ai-project-up202310061/images/a6a9b01f818e93b9.jpg,Wheelchair
gs://vertex-ai-project-up202310061/images/b4f4fcbf14eb5a6a.jpg,Wheelchair
gs://vertex-ai-project-up202310061/images/f19f2ca6c9d5dca4.jpg,Wheelchair
gs://vertex-ai-project-up202310061/images/20d1e28ecd711669.jpg,Otter
gs://vertex-ai-project-up202310061/images/2f31b80d1679464c.jpg,Otter
gs://vertex-ai-project-up202310061/images/3d0f99060a7625a8.jpg,Otter
gs://vertex-ai-project-up202310061/images/41ac37f570e9dff9.jpg,Otter
gs://vertex-ai-project-up202310061/images/4a7910b3f0b18233.jpg,Otter
gs://vertex-ai-project-up202310061/images/5c2c601ee49afe80.jpg,Otter
gs://vertex-ai-project-up202310061/images/693b6cfcbe799ea4.jpg,Otter
gs://vertex-ai-project-up202310061/images/9d7a1e48e78a415f.jpg,Otter
gs://vertex-ai-project-up202310061/images/b3c2f7efb037720d.jpg,Otter
gs://vertex-ai-project-up202310061/images/02c41bf9d19fbae4.jpg,Motorcycle
gs://vertex-ai-project-up202310061/images/03d80a6b7334ee7b.jpg,Motorcycle
gs://vertex-ai-project-up202310061/images/134bf4d0af67e527.jpg,Motorcycle
gs://vertex-ai-project-up202310061/images/156e19aaa8ad66dd.jpg,Motorcycle
gs://vertex-ai-project-up202310061/images/1913d60e4311e419.jpg,Motorcycle
gs://vertex-ai-project-up202310061/images/2d61e9645fa09c07.jpg,Motorcycle
gs://vertex-ai-project-up202310061/images/322e7fbef074cc21.jpg,Motorcycle
gs://vertex-ai-project-up202310061/images/342dafd4528c106f.jpg,Motorcycle
gs://vertex-ai-project-up202310061/images/347b50b4500f1e48.jpg,Motorcycle
gs://vertex-ai-project-up202310061/images/38c842121646aea4.jpg,Motorcycle
gs://vertex-ai-project-up202310061/images/3cd4f29b60b7a671.jpg,Motorcycle
gs://vertex-ai-project-up202310061/images/00dd6d717c50e78b.jpg,Cat
gs://vertex-ai-project-up202310061/images/0447d6428b6c2cf0.jpg,Cat
gs://vertex-ai-project-up202310061/images/046f48d5c2c8d898.jpg,Cat
gs://vertex-ai-project-up202310061/images/094334ac0e2f0d9d.jpg,Cat
gs://vertex-ai-project-up202310061/images/0b3740b6e5bf6550.jpg,Cat
gs://vertex-ai-project-up202310061/images/0d2486e1b0367db4.jpg,Cat
gs://vertex-ai-project-up202310061/images/0d64005d60bca667.jpg,Cat
gs://vertex-ai-project-up202310061/images/0ed2ce28c4d654bd.jpg,Cat
gs://vertex-ai-project-up202310061/images/138ea2ee825b8b9a.jpg,Cat
gs://vertex-ai-project-up202310061/images/15859ba2e74bcdc6.jpg,Cat
gs://vertex-ai-project-up202310061/images/01b53aaa04bf4c0d.jpg,Rifle
gs://vertex-ai-project-up202310061/images/024f05451e4942bd.jpg,Rifle
gs://vertex-ai-project-up202310061/images/08219bbac0e053d3.jpg,Rifle
gs://vertex-ai-project-up202310061/images/09bfcd982ad9f59b.jpg,Rifle
gs://vertex-ai-project-up202310061/images/0d0742f5fc27ee6b.jpg,Rifle
gs://vertex-ai-project-up202310061/images/1297b6d1a741ad0a.jpg,Rifle
gs://vertex-ai-project-up202310061/images/169b7c17ad6932d1.jpg,Rifle
gs://vertex-ai-project-up202310061/images/1c462da2b9bee128.jpg,Rifle
gs://vertex-ai-project-up202310061/images/257148fe8df94563.jpg,Rifle
gs://vertex-ai-project-up202310061/images/32ee1f7223150807.jpg,Rifle
gs://vertex-ai-project-up202310061/images/3684a420339b8773.jpg,Rifle
gs://vertex-ai-project-up202310061/images/556d97297e1e7b33.jpg,Rifle
gs://vertex-ai-project-up202310061/images/07d225d25f65926b.jpg,Broccoli
gs://vertex-ai-project-up202310061/images/0f13f2fb1a614e6f.jpg,Broccoli
gs://vertex-ai-project-up202310061/images/347616b86bd04e23.jpg,Broccoli
gs://vertex-ai-project-up202310061/images/559a6bc7cf4d4c50.jpg,Broccoli
gs://vertex-ai-project-up202310061/images/609ffce05e332ac9.jpg,Broccoli
gs://vertex-ai-project-up202310061/images/618543b6b3ffd2f0.jpg,Broccoli
gs://vertex-ai-project-up202310061/images/635ba1ff0e849f94.jpg,Broccoli
gs://vertex-ai-project-up202310061/images/689e00e71ef78d35.jpg,Broccoli
gs://vertex-ai-project-up202310061/images/749cf04228bfeff9.jpg,Broccoli
gs://vertex-ai-project-up202310061/images/8e3e08be267d0606.jpg,Broccoli
gs://vertex-ai-project-up202310061/images/920af83be7533731.jpg,Broccoli
gs://vertex-ai-project-up202310061/images/c9499b29b88d1001.jpg,Broccoli
gs://vertex-ai-project-up202310061/images/cb44ac624d7dff14.jpg,Broccoli
gs://vertex-ai-project-up202310061/images/d31d1f9edf7927cf.jpg,Broccoli
gs://vertex-ai-project-up202310061/images/e622bed1399700fa.jpg,Broccoli
gs://vertex-ai-project-up202310061/images/0a529ddb7dbec3ce.jpg,Hamburger
gs://vertex-ai-project-up202310061/images/0b69178d21c530bb.jpg,Hamburger
gs://vertex-ai-project-up202310061/images/307476875274a73d.jpg,Hamburger
gs://vertex-ai-project-up202310061/images/4b8b03241906f692.jpg,Hamburger
gs://vertex-ai-project-up202310061/images/4e96680455356938.jpg,Hamburger
gs://vertex-ai-project-up202310061/images/4eef673bf5f0cd9a.jpg,Hamburger
gs://vertex-ai-project-up202310061/images/5f2c6ffc9d36ed35.jpg,Hamburger
gs://vertex-ai-project-up202310061/images/64880727d078fd0c.jpg,Hamburger
gs://vertex-ai-project-up202310061/images/0158b75b35b64a23.jpg,Airplane
gs://vertex-ai-project-up202310061/images/02ea80859cb20cd2.jpg,Airplane
gs://vertex-ai-project-up202310061/images/0337557c410dcb2c.jpg,Airplane
gs://vertex-ai-project-up202310061/images/042d260f68a04700.jpg,Airplane
gs://vertex-ai-project-up202310061/images/05b216c9501d4389.jpg,Airplane
gs://vertex-ai-project-up202310061/images/05b9503dc50fce57.jpg,Airplane
gs://vertex-ai-project-up202310061/images/067e927567bf59ff.jpg,Airplane
gs://vertex-ai-project-up202310061/images/06bef8fb83950b09.jpg,Airplane
gs://vertex-ai-project-up202310061/images/081a8e7de0d61490.jpg,Airplane
gs://vertex-ai-project-up202310061/images/024fc048dd1cb61a.jpg,Wine glass
gs://vertex-ai-project-up202310061/images/11e4b33e7445aa65.jpg,Wine glass
gs://vertex-ai-project-up202310061/images/13cdcaeb48c31c38.jpg,Wine glass
gs://vertex-ai-project-up202310061/images/1ccf1cd074797282.jpg,Wine glass
gs://vertex-ai-project-up202310061/images/3a2a5c3cd20044de.jpg,Wine glass
gs://vertex-ai-project-up202310061/images/45084a287e68ac6f.jpg,Wine glass
gs://vertex-ai-project-up202310061/images/53f7c44aa2f84928.jpg,Wine glass
gs://vertex-ai-project-up202310061/images/740d45387b3da66e.jpg,Wine glass
gs://vertex-ai-project-up202310061/images/025ec7dc8c2263b7.jpg,Cart
gs://vertex-ai-project-up202310061/images/1ad662910d8d6d5d.jpg,Cart
gs://vertex-ai-project-up202310061/images/23d8385e4dc7060f.jpg,Cart
gs://vertex-ai-project-up202310061/images/2d15e2771cf5b8dd.jpg,Cart
gs://vertex-ai-project-up202310061/images/48284a99117e0026.jpg,Cart
gs://vertex-ai-project-up202310061/images/56ad85d818deff66.jpg,Cart
gs://vertex-ai-project-up202310061/images/58bd1b02ed895913.jpg,Cart
gs://vertex-ai-project-up202310061/images/5947d2f94aee14df.jpg,Cart
gs://vertex-ai-project-up202310061/images/5bf182c14ade8c4f.jpg,Cart
gs://vertex-ai-project-up202310061/images/6ae2c17182cb0631.jpg,Cart
gs://vertex-ai-project-up202310061/images/07ff0e0319cc9aa4.jpg,Wheelchair
gs://vertex-ai-project-up202310061/images/17c4685474406eb5.jpg,Wheelchair
gs://vertex-ai-project-up202310061/images/48840c460bff6d9d.jpg,Wheelchair
gs://vertex-ai-project-up202310061/images/4a975b5d21b036c8.jpg,Wheelchair
gs://vertex-ai-project-up202310061/images/55024764bbd276c1.jpg,Wheelchair
gs://vertex-ai-project-up202310061/images/6e3e13c36d23c983.jpg,Wheelchair
gs://vertex-ai-project-up202310061/images/7aae15b3500e7419.jpg,Wheelchair
gs://vertex-ai-project-up202310061/images/a8135c80034af70f.jpg,Wheelchair
gs://vertex-ai-project-up202310061/images/b40ae4ba0d9a56dd.jpg,Wheelchair
gs://vertex-ai-project-up202310061/images/d8c0d102d2572c69.jpg,Wheelchair
gs://vertex-ai-project-up202310061/images/e59948108fe16697.jpg,Wheelchair
gs://vertex-ai-project-up202310061/images/e755ade6b7577f16.jpg,Wheelchair
gs://vertex-ai-project-up202310061/images/f7bf771b271299e6.jpg,Wheelchair
gs://vertex-ai-project-up202310061/images/112c58c2a4bf05c7.jpg,Otter
gs://vertex-ai-project-up202310061/images/1af291764b8ecb16.jpg,Otter
gs://vertex-ai-project-up202310061/images/21a4f3602cb4913b.jpg,Otter
gs://vertex-ai-project-up202310061/images/410a6e9fe2713e38.jpg,Otter
gs://vertex-ai-project-up202310061/images/72653e0854b28b35.jpg,Otter
gs://vertex-ai-project-up202310061/images/7f9376041f1869a6.jpg,Otter
gs://vertex-ai-project-up202310061/images/ac34ef02e2fac9d8.jpg,Otter
gs://vertex-ai-project-up202310061/images/00dababf772c58ec.jpg,Motorcycle
gs://vertex-ai-project-up202310061/images/062261a4ce80965e.jpg,Motorcycle
gs://vertex-ai-project-up202310061/images/08a67848b41f0511.jpg,Motorcycle
gs://vertex-ai-project-up202310061/images/0b4854f95ff858c7.jpg,Motorcycle
gs://vertex-ai-project-up202310061/images/1c1e557f2682c779.jpg,Motorcycle
gs://vertex-ai-project-up202310061/images/26a586c485204de3.jpg,Motorcycle
gs://vertex-ai-project-up202310061/images/28a5af092bdc61a7.jpg,Motorcycle
gs://vertex-ai-project-up202310061/images/316e43ad673ef80a.jpg,Motorcycle
gs://vertex-ai-project-up202310061/images/31a92949f956f4c1.jpg,Motorcycle
gs://vertex-ai-project-up202310061/images/31e9e28fd5dd60c7.jpg,Motorcycle
gs://vertex-ai-project-up202310061/images/3a2a2e9b95557cfb.jpg,Motorcycle
gs://vertex-ai-project-up202310061/images/3a940e9fe33cdf92.jpg,Motorcycle
gs://vertex-ai-project-up202310061/images/02530be4f2f64f16.jpg,Cat
gs://vertex-ai-project-up202310061/images/02e94b92d16c65de.jpg,Cat
gs://vertex-ai-project-up202310061/images/0555c7f8d767cdae.jpg,Cat
gs://vertex-ai-project-up202310061/images/08675994e6743b52.jpg,Cat
gs://vertex-ai-project-up202310061/images/09c48ceb3b1dbaf9.jpg,Cat
gs://vertex-ai-project-up202310061/images/0c7a5b1dea4d17a9.jpg,Cat
gs://vertex-ai-project-up202310061/images/0cb8808f7615904e.jpg,Cat
gs://vertex-ai-project-up202310061/images/0e2715e7343f6ec3.jpg,Cat
gs://vertex-ai-project-up202310061/images/0fc70d3067def51b.jpg,Cat
gs://vertex-ai-project-up202310061/images/0ffa5ed1c5e9eeae.jpg,Cat
gs://vertex-ai-project-up202310061/images/123b018bf069b759.jpg,Cat
gs://vertex-ai-project-up202310061/images/12d411b8aa57ea1d.jpg,Cat
gs://vertex-ai-project-up202310061/images/12e262615d71d0d8.jpg,Cat
gs://vertex-ai-project-up202310061/images/15bf0e35241018c5.jpg,Cat
gs://vertex-ai-project-up202310061/images/1638e87d5e6eec91.jpg,Cat
gs://vertex-ai-project-up202310061/images/1652367c424bc834.jpg,Cat
gs://vertex-ai-project-up202310061/images/00203708377265a0.jpg,Rifle
gs://vertex-ai-project-up202310061/images/06b867ed3161bc41.jpg,Rifle
gs://vertex-ai-project-up202310061/images/107abe3685256796.jpg,Rifle
gs://vertex-ai-project-up202310061/images/126cab8e28f78d29.jpg,Rifle
gs://vertex-ai-project-up202310061/images/1a045056473e8261.jpg,Rifle
gs://vertex-ai-project-up202310061/images/1da259c1cdd806c6.jpg,Rifle
gs://vertex-ai-project-up202310061/images/24e7e4e20ecfaf97.jpg,Rifle
gs://vertex-ai-project-up202310061/images/3669cddedef57388.jpg,Rifle
gs://vertex-ai-project-up202310061/images/3982edd51a204a3b.jpg,Rifle
gs://vertex-ai-project-up202310061/images/3d6d6d8d9e81a01e.jpg,Rifle
gs://vertex-ai-project-up202310061/images/40a10d13b55794bd.jpg,Rifle
gs://vertex-ai-project-up202310061/images/526177dd0bc4b1eb.jpg,Rifle
gs://vertex-ai-project-up202310061/images/5577908961049505.jpg,Rifle
gs://vertex-ai-project-up202310061/images/5c73ee0aeb6fef26.jpg,Rifle
gs://vertex-ai-project-up202310061/images/5114566b4b94ec7c.jpg,Broccoli
gs://vertex-ai-project-up202310061/images/65caea5bcae5f864.jpg,Broccoli
gs://vertex-ai-project-up202310061/images/69757bb560514cf8.jpg,Broccoli
gs://vertex-ai-project-up202310061/images/877c3cc4b13c1ba9.jpg,Broccoli
gs://vertex-ai-project-up202310061/images/8fe11a1f7c18a7f4.jpg,Broccoli
gs://vertex-ai-project-up202310061/images/a9d19cf322aebb08.jpg,Broccoli
gs://vertex-ai-project-up202310061/images/ad78f505beed1049.jpg,Broccoli
gs://vertex-ai-project-up202310061/images/178a48b6dac38f0e.jpg,Hamburger
gs://vertex-ai-project-up202310061/images/1911f61798163d69.jpg,Hamburger
gs://vertex-ai-project-up202310061/images/1ab5d3b05ef07e9c.jpg,Hamburger
gs://vertex-ai-project-up202310061/images/296b97e12992cab4.jpg,Hamburger
gs://vertex-ai-project-up202310061/images/2ed4b2c714f2837d.jpg,Hamburger
gs://vertex-ai-project-up202310061/images/339da939afa8a326.jpg,Hamburger
gs://vertex-ai-project-up202310061/images/349eba7cffaab93f.jpg,Hamburger
gs://vertex-ai-project-up202310061/images/49c0b02e749e5e3c.jpg,Hamburger
gs://vertex-ai-project-up202310061/images/55e0dd4c48c97d07.jpg,Hamburger
gs://vertex-ai-project-up202310061/images/031d154b35e03d14.jpg,Airplane
gs://vertex-ai-project-up202310061/images/043fa1bebd2f6aa1.jpg,Airplane
gs://vertex-ai-project-up202310061/images/0594782e90616cca.jpg,Airplane
gs://vertex-ai-project-up202310061/images/07419d5a6774bd0c.jpg,Airplane
gs://vertex-ai-project-up202310061/images/0842a50fc10afe32.jpg,Airplane
gs://vertex-ai-project-up202310061/images/0403eebf8c0aac60.jpg,Wine glass
gs://vertex-ai-project-up202310061/images/08f92e8243e13686.jpg,Wine glass
gs://vertex-ai-project-up202310061/images/1b0fabb9aa98a9a7.jpg,Wine glass
gs://vertex-ai-project-up202310061/images/32576fb8950e529e.jpg,Wine glass
gs://vertex-ai-project-up202310061/images/3a93514dbceb4b4b.jpg,Wine glass
gs://vertex-ai-project-up202310061/images/45e77539ace27f7b.jpg,Wine glass
gs://vertex-ai-project-up202310061/images/46ac423fb9cec6eb.jpg,Wine glass
gs://vertex-ai-project-up202310061/images/50f7f6540ae30914.jpg,Wine glass
gs://vertex-ai-project-up202310061/images/556538d9b44ff90b.jpg,Wine glass
gs://vertex-ai-project-up202310061/images/5be33b5029b3b073.jpg,Wine glass
gs://vertex-ai-project-up202310061/images/7410cc2940a96eae.jpg,Wine glass
gs://vertex-ai-project-up202310061/images/03726844adb2e67a.jpg,Cart
gs://vertex-ai-project-up202310061/images/1880e873992dff9e.jpg,Cart
gs://vertex-ai-project-up202310061/images/2358654c49f6ece5.jpg,Cart
gs://vertex-ai-project-up202310061/images/282171b79b7ede6c.jpg,Cart
gs://vertex-ai-project-up202310061/images/328e1febf951f28d.jpg,Cart
gs://vertex-ai-project-up202310061/images/42b2242731041578.jpg,Cart
gs://vertex-ai-project-up202310061/images/5273dc4315bef4b2.jpg,Cart
gs://vertex-ai-project-up202310061/images/549d46c596635f0b.jpg,Cart
gs://vertex-ai-project-up202310061/images/5f121ff1df400943.jpg,Cart
gs://vertex-ai-project-up202310061/images/657b66b9821ba12c.jpg,Cart
gs://vertex-ai-project-up202310061/images/327efe74fb6aa463.jpg,Wheelchair
gs://vertex-ai-project-up202310061/images/49b55d3f5865d098.jpg,Wheelchair
gs://vertex-ai-project-up202310061/images/6e859b7e97b0d097.jpg,Wheelchair
gs://vertex-ai-project-up202310061/images/95805aacd12ba5a2.jpg,Wheelchair
gs://vertex-ai-project-up202310061/images/959f936543933399.jpg,Wheelchair
gs://vertex-ai-project-up202310061/images/973645e9516726b3.jpg,Wheelchair
gs://vertex-ai-project-up202310061/images/ae99b78d6ef7c1ba.jpg,Wheelchair
gs://vertex-ai-project-up202310061/images/c1a44b5a691b8c7e.jpg,Wheelchair
gs://vertex-ai-project-up202310061/images/c48047570a665ad9.jpg,Wheelchair
gs://vertex-ai-project-up202310061/images/0befd778dc1ce16d.jpg,Otter
gs://vertex-ai-project-up202310061/images/20c2150e1868b55e.jpg,Otter
gs://vertex-ai-project-up202310061/images/2db18b20d40d22a0.jpg,Otter
gs://vertex-ai-project-up202310061/images/7191442e1415ad9c.jpg,Otter
gs://vertex-ai-project-up202310061/images/042676f6b5eba097.jpg,Motorcycle
gs://vertex-ai-project-up202310061/images/0be68cb951208dc2.jpg,Motorcycle
gs://vertex-ai-project-up202310061/images/3263d600b78a57b3.jpg,Motorcycle
gs://vertex-ai-project-up202310061/images/378083e548bc8afa.jpg,Motorcycle
gs://vertex-ai-project-up202310061/images/38747313317ded50.jpg,Motorcycle
gs://vertex-ai-project-up202310061/images/39516613b0b556e2.jpg,Motorcycle
gs://vertex-ai-project-up202310061/images/3de1a842e4d52305.jpg,Motorcycle
gs://vertex-ai-project-up202310061/images/018376cd9ec14643.jpg,Cat
gs://vertex-ai-project-up202310061/images/01cc07838fc28a68.jpg,Cat
gs://vertex-ai-project-up202310061/images/01e368998a68ff28.jpg,Cat
gs://vertex-ai-project-up202310061/images/020418f41a5dde99.jpg,Cat
gs://vertex-ai-project-up202310061/images/022d642a36f4a551.jpg,Cat
gs://vertex-ai-project-up202310061/images/043d38140a8252f1.jpg,Cat
gs://vertex-ai-project-up202310061/images/048c5a3cccc35143.jpg,Cat
gs://vertex-ai-project-up202310061/images/04bfa701fa169045.jpg,Cat
gs://vertex-ai-project-up202310061/images/0b59ee0b31a5ab4e.jpg,Cat
gs://vertex-ai-project-up202310061/images/0bb03b3cad0efb39.jpg,Cat
gs://vertex-ai-project-up202310061/images/0cfd4e0fc4f1bf56.jpg,Cat
gs://vertex-ai-project-up202310061/images/0ea4852b0c090058.jpg,Cat
gs://vertex-ai-project-up202310061/images/0fff06272cf4da8b.jpg,Cat
gs://vertex-ai-project-up202310061/images/10214ca8b5a6aa93.jpg,Cat
gs://vertex-ai-project-up202310061/images/0bcabf76c4e8c6cf.jpg,Rifle
gs://vertex-ai-project-up202310061/images/16063545bd8b69f1.jpg,Rifle
gs://vertex-ai-project-up202310061/images/196ef44480b7b304.jpg,Rifle
gs://vertex-ai-project-up202310061/images/1a885ee4bdb896ad.jpg,Rifle
gs://vertex-ai-project-up202310061/images/24db5cd48a34e806.jpg,Rifle
gs://vertex-ai-project-up202310061/images/2c38ee29880b42eb.jpg,Rifle
gs://vertex-ai-project-up202310061/images/46d91202d0431329.jpg,Rifle
gs://vertex-ai-project-up202310061/images/4a927aae62da877f.jpg,Rifle
gs://vertex-ai-project-up202310061/images/52672e3d5837effc.jpg,Rifle
gs://vertex-ai-project-up202310061/images/54179d9003268b5f.jpg,Rifle
gs://vertex-ai-project-up202310061/images/5df5dd4e32f5bc52.jpg,Rifle
gs://vertex-ai-project-up202310061/images/0334271ebc0263d6.jpg,Broccoli
gs://vertex-ai-project-up202310061/images/340089a6496ff3c0.jpg,Broccoli
gs://vertex-ai-project-up202310061/images/3a8bfc1945408d51.jpg,Broccoli
gs://vertex-ai-project-up202310061/images/55bafb36efe71cb3.jpg,Broccoli
gs://vertex-ai-project-up202310061/images/6abdb7bb1cfc449c.jpg,Broccoli
gs://vertex-ai-project-up202310061/images/a2e121880ed062bf.jpg,Broccoli
gs://vertex-ai-project-up202310061/images/cb87528ad5629540.jpg,Broccoli
gs://vertex-ai-project-up202310061/images/df111f1b81d25b84.jpg,Broccoli
gs://vertex-ai-project-up202310061/images/e55cfac2a32be950.jpg,Broccoli
gs://vertex-ai-project-up202310061/images/019ccd1486492513.jpg,Hamburger
gs://vertex-ai-project-up202310061/images/059c2339a152db05.jpg,Hamburger
gs://vertex-ai-project-up202310061/images/08bd6c4a038a8354.jpg,Hamburger
gs://vertex-ai-project-up202310061/images/159de001bfb786cc.jpg,Hamburger
gs://vertex-ai-project-up202310061/images/18252cc70a1d2e1f.jpg,Hamburger
gs://vertex-ai-project-up202310061/images/1eda326e3532eafa.jpg,Hamburger
gs://vertex-ai-project-up202310061/images/2361db114e4d5926.jpg,Hamburger
gs://vertex-ai-project-up202310061/images/29c1bd9799592d11.jpg,Hamburger
gs://vertex-ai-project-up202310061/images/3ea199a02ef9fec9.jpg,Hamburger
gs://vertex-ai-project-up202310061/images/3fe0b0680527ba77.jpg,Hamburger
gs://vertex-ai-project-up202310061/images/4b308047609e14a6.jpg,Hamburger
gs://vertex-ai-project-up202310061/images/4d8fb48034cb321a.jpg,Hamburger
gs://vertex-ai-project-up202310061/images/5cdf4417503e12da.jpg,Hamburger
gs://vertex-ai-project-up202310061/images/5e56c6e2e033cce5.jpg,Hamburger
gs://vertex-ai-project-up202310061/images/60bfecda3c39622e.jpg,Hamburger
gs://vertex-ai-project-up202310061/images/005745076a373193.jpg,Airplane
gs://vertex-ai-project-up202310061/images/024c1c43837c0f97.jpg,Airplane
gs://vertex-ai-project-up202310061/images/036805155db7fd5e.jpg,Airplane
gs://vertex-ai-project-up202310061/images/049be6ffc4623ed0.jpg,Airplane
gs://vertex-ai-project-up202310061/images/0746d3ade7ff9d72.jpg,Airplane
gs://vertex-ai-project-up202310061/images/08224f8682a130ed.jpg,Airplane
gs://vertex-ai-project-up202310061/images/089e6c8e2d6f299c.jpg,Airplane
gs://vertex-ai-project-up202310061/images/08dcf3768a516fe6.jpg,Airplane
gs://vertex-ai-project-up202310061/images/0a5be8c3ad1036d4.jpg,Airplane
gs://vertex-ai-project-up202310061/images/10004554bc874b75.jpg,Wine glass
gs://vertex-ai-project-up202310061/images/10091a24ff3b5ea5.jpg,Wine glass
gs://vertex-ai-project-up202310061/images/18c3ffeca497c0d5.jpg,Wine glass
gs://vertex-ai-project-up202310061/images/19d9167bc5881708.jpg,Wine glass
gs://vertex-ai-project-up202310061/images/32b49538db767e31.jpg,Wine glass
gs://vertex-ai-project-up202310061/images/3b335505711736c8.jpg,Wine glass
gs://vertex-ai-project-up202310061/images/54a55e7021004a0b.jpg,Wine glass
gs://vertex-ai-project-up202310061/images/55fd696113af3ac8.jpg,Wine glass
gs://vertex-ai-project-up202310061/images/6282814b49ce89ba.jpg,Wine glass
gs://vertex-ai-project-up202310061/images/6a10ebde7b0464a9.jpg,Wine glass
gs://vertex-ai-project-up202310061/images/708400975bb05abf.jpg,Wine glass
gs://vertex-ai-project-up202310061/images/15bfa9b0859280f2.jpg,Cart
gs://vertex-ai-project-up202310061/images/2f90f8190ddb521e.jpg,Cart
gs://vertex-ai-project-up202310061/images/3029c9047c2dbb2a.jpg,Cart
gs://vertex-ai-project-up202310061/images/3786f0af17241a18.jpg,Cart
gs://vertex-ai-project-up202310061/images/409cbde945143888.jpg,Cart
gs://vertex-ai-project-up202310061/images/5db8ceff66ce240e.jpg,Cart
gs://vertex-ai-project-up202310061/images/5fee267e58c83f69.jpg,Cart
gs://vertex-ai-project-up202310061/images/6913b4564615285a.jpg,Cart
gs://vertex-ai-project-up202310061/images/6a4dfb733918bdb7.jpg,Cart
gs://vertex-ai-project-up202310061/images/03bb15edb87b7821.jpg,Wheelchair
gs://vertex-ai-project-up202310061/images/0f56125d9c03aeaa.jpg,Wheelchair
gs://vertex-ai-project-up202310061/images/19ef168d3eaa64e2.jpg,Wheelchair
gs://vertex-ai-project-up202310061/images/2520eef24e45fe2d.jpg,Wheelchair
gs://vertex-ai-project-up202310061/images/3352b09ab547803d.jpg,Wheelchair
gs://vertex-ai-project-up202310061/images/3d8d8e230fb0ccdd.jpg,Wheelchair
gs://vertex-ai-project-up202310061/images/4f7d6239c0e5cf67.jpg,Wheelchair
gs://vertex-ai-project-up202310061/images/5d2637a6e0e82194.jpg,Wheelchair
gs://vertex-ai-project-up202310061/images/7ae2ba60af8e56f9.jpg,Wheelchair
gs://vertex-ai-project-up202310061/images/7c532aa3ad09c801.jpg,Wheelchair
gs://vertex-ai-project-up202310061/images/a7d7e87f23d7f379.jpg,Wheelchair
gs://vertex-ai-project-up202310061/images/ac1db2895c936b51.jpg,Wheelchair
gs://vertex-ai-project-up202310061/images/ee703e3ed4a207f0.jpg,Wheelchair
gs://vertex-ai-project-up202310061/images/01afe156484bb08e.jpg,Otter
gs://vertex-ai-project-up202310061/images/060e7b807f03532b.jpg,Otter
gs://vertex-ai-project-up202310061/images/24ee556ce434175d.jpg,Otter
gs://vertex-ai-project-up202310061/images/2b0a2fd36450b716.jpg,Otter
gs://vertex-ai-project-up202310061/images/31c687e7260b1b4f.jpg,Otter
gs://vertex-ai-project-up202310061/images/449ae8dbb0130f31.jpg,Otter
gs://vertex-ai-project-up202310061/images/53e38a40409a89de.jpg,Otter
gs://vertex-ai-project-up202310061/images/6797bf1825e5590d.jpg,Otter
gs://vertex-ai-project-up202310061/images/7da5debcdd086240.jpg,Otter
gs://vertex-ai-project-up202310061/images/8138bc80f3080e56.jpg,Otter
gs://vertex-ai-project-up202310061/images/a235d4598ab1ee4c.jpg,Otter
gs://vertex-ai-project-up202310061/images/ac9b8c312f003017.jpg,Otter
gs://vertex-ai-project-up202310061/images/04c94d94a205c7e2.jpg,Motorcycle
gs://vertex-ai-project-up202310061/images/125b58cefaa07718.jpg,Motorcycle
gs://vertex-ai-project-up202310061/images/2698e4fc0a5b01da.jpg,Motorcycle
gs://vertex-ai-project-up202310061/images/366c681e63d08667.jpg,Motorcycle
gs://vertex-ai-project-up202310061/images/066af2f8fe78235f.jpg,Cat
gs://vertex-ai-project-up202310061/images/07bdad692a27b235.jpg,Cat
gs://vertex-ai-project-up202310061/images/07feb6cc3655dc87.jpg,Cat
gs://vertex-ai-project-up202310061/images/09a727503e753c5d.jpg,Cat
gs://vertex-ai-project-up202310061/images/0ab266f92baec71c.jpg,Cat
gs://vertex-ai-project-up202310061/images/0e2e5369865ba607.jpg,Cat
gs://vertex-ai-project-up202310061/images/12e3a191ec6d32a6.jpg,Cat
gs://vertex-ai-project-up202310061/images/150a0a4623ed8a91.jpg,Cat
gs://vertex-ai-project-up202310061/images/0f5eec3235d8a3df.jpg,Rifle
gs://vertex-ai-project-up202310061/images/1659b2a2b3a6e519.jpg,Rifle
gs://vertex-ai-project-up202310061/images/2df83097d4e10f78.jpg,Rifle
gs://vertex-ai-project-up202310061/images/40d836a8e6150c69.jpg,Rifle
gs://vertex-ai-project-up202310061/images/4184e430d7a80829.jpg,Rifle
gs://vertex-ai-project-up202310061/images/44342a60232e50cb.jpg,Rifle
gs://vertex-ai-project-up202310061/images/468091a307b3028d.jpg,Rifle
gs://vertex-ai-project-up202310061/images/0f83053aa632625b.jpg,Broccoli
gs://vertex-ai-project-up202310061/images/16c93b89fa38d05e.jpg,Broccoli
gs://vertex-ai-project-up202310061/images/45538531b6fa4733.jpg,Broccoli
gs://vertex-ai-project-up202310061/images/5624b3001b197dbb.jpg,Broccoli
gs://vertex-ai-project-up202310061/images/772d6353aa5cd903.jpg,Broccoli
gs://vertex-ai-project-up202310061/images/7d155fe90b4a17e0.jpg,Broccoli
gs://vertex-ai-project-up202310061/images/8da085225c848fec.jpg,Broccoli
gs://vertex-ai-project-up202310061/images/a0078300bbec66d5.jpg,Broccoli
gs://vertex-ai-project-up202310061/images/a64b5d2d8792784c.jpg,Broccoli
gs://vertex-ai-project-up202310061/images/c0421cf8da9ee34a.jpg,Broccoli
gs://vertex-ai-project-up202310061/images/e083523d70a69787.jpg,Broccoli
gs://vertex-ai-project-up202310061/images/12d3473fa0cdbf7d.jpg,Hamburger
gs://vertex-ai-project-up202310061/images/14b503571fdefce2.jpg,Hamburger
gs://vertex-ai-project-up202310061/images/2bc0f3375d6f3cd8.jpg,Hamburger
gs://vertex-ai-project-up202310061/images/37d7d195d28a8f24.jpg,Hamburger
gs://vertex-ai-project-up202310061/images/3c522fdd7ea8b2c2.jpg,Hamburger
gs://vertex-ai-project-up202310061/images/3ccaf10a8ba55f75.jpg,Hamburger
gs://vertex-ai-project-up202310061/images/41c0a15947ec1345.jpg,Hamburger
gs://vertex-ai-project-up202310061/images/47262234625d0a28.jpg,Hamburger
gs://vertex-ai-project-up202310061/images/66ceba6fa89fd9ff.jpg,Hamburger
gs://vertex-ai-project-up202310061/images/031ceac49afc877e.jpg,Airplane
gs://vertex-ai-project-up202310061/images/049136310117f8ee.jpg,Airplane
gs://vertex-ai-project-up202310061/images/05f4f513997754d4.jpg,Airplane
gs://vertex-ai-project-up202310061/images/06d27cd8791b5cf0.jpg,Airplane
gs://vertex-ai-project-up202310061/images/07a41b00866f81d9.jpg,Airplane
gs://vertex-ai-project-up202310061/images/09a8d2742012c383.jpg,Airplane
gs://vertex-ai-project-up202310061/images/0e92795272dfd1af.jpg,Wine glass
gs://vertex-ai-project-up202310061/images/16e6a65d84366da5.jpg,Wine glass
gs://vertex-ai-project-up202310061/images/256b0bea2baaf37b.jpg,Wine glass
gs://vertex-ai-project-up202310061/images/30d7ae13bfbb0bb2.jpg,Wine glass
gs://vertex-ai-project-up202310061/images/330271a01731ae79.jpg,Wine glass
gs://vertex-ai-project-up202310061/images/514428973df647c8.jpg,Wine glass
gs://vertex-ai-project-up202310061/images/5afdfe67dde54a19.jpg,Wine glass
gs://vertex-ai-project-up202310061/images/5c3df1198dde7064.jpg,Wine glass
gs://vertex-ai-project-up202310061/images/6c1ef2d7046da785.jpg,Wine glass
gs://vertex-ai-project-up202310061/images/73ed9db2c6472803.jpg,Wine glass
gs://vertex-ai-project-up202310061/images/049f7d67144f3e13.jpg,Cart
gs://vertex-ai-project-up202310061/images/20e04b5395c1ee8c.jpg,Cart
gs://vertex-ai-project-up202310061/images/254ad48c5a0ed5e8.jpg,Cart
gs://vertex-ai-project-up202310061/images/322159370cc59c9a.jpg,Cart
gs://vertex-ai-project-up202310061/images/3336248fb42c5466.jpg,Cart
gs://vertex-ai-project-up202310061/images/37f7e6c11f66b05e.jpg,Cart
gs://vertex-ai-project-up202310061/images/587fd9eb8feeda8f.jpg,Cart
gs://vertex-ai-project-up202310061/images/5c413fe54dc7da60.jpg,Cart
gs://vertex-ai-project-up202310061/images/611b64215baba099.jpg,Cart
gs://vertex-ai-project-up202310061/images/05638ea29059dbc5.jpg,Wheelchair
gs://vertex-ai-project-up202310061/images/078a3fd83fac864c.jpg,Wheelchair
gs://vertex-ai-project-up202310061/images/1bdbd53edae3d8df.jpg,Wheelchair
gs://vertex-ai-project-up202310061/images/1e5e0ac7f3c82f2f.jpg,Wheelchair
gs://vertex-ai-project-up202310061/images/221a233ec1ba04c9.jpg,Wheelchair
gs://vertex-ai-project-up202310061/images/391aabcdfa296b0f.jpg,Wheelchair
gs://vertex-ai-project-up202310061/images/6fc575bcd49b32fa.jpg,Wheelchair
gs://vertex-ai-project-up202310061/images/82cb0398b2db323c.jpg,Wheelchair
gs://vertex-ai-project-up202310061/images/dccedf138121a3b5.jpg,Wheelchair
gs://vertex-ai-project-up202310061/images/e7fcd56bd45a5f0b.jpg,Wheelchair
gs://vertex-ai-project-up202310061/images/e8d21473652e45d5.jpg,Wheelchair
gs://vertex-ai-project-up202310061/images/03f6aa7dbd5072ed.jpg,Otter
gs://vertex-ai-project-up202310061/images/070afdbe165adba7.jpg,Otter
gs://vertex-ai-project-up202310061/images/0fe34b21e79de867.jpg,Otter
gs://vertex-ai-project-up202310061/images/26cbd42692298f5e.jpg,Otter
gs://vertex-ai-project-up202310061/images/314db7f645487811.jpg,Otter
gs://vertex-ai-project-up202310061/images/387334490073c9c9.jpg,Otter
gs://vertex-ai-project-up202310061/images/400371c67bfc5e49.jpg,Otter
gs://vertex-ai-project-up202310061/images/578634318ade953d.jpg,Otter
gs://vertex-ai-project-up202310061/images/5a71e1630f1ac23c.jpg,Otter
gs://vertex-ai-project-up202310061/images/60fa99750245698a.jpg,Otter
gs://vertex-ai-project-up202310061/images/61431db43e2b6760.jpg,Otter
gs://vertex-ai-project-up202310061/images/650225bbd4b0496d.jpg,Otter
gs://vertex-ai-project-up202310061/images/68792af7790c3a0f.jpg,Otter
gs://vertex-ai-project-up202310061/images/6cfa82793f18ca47.jpg,Otter
gs://vertex-ai-project-up202310061/images/86bdb6b910d0829b.jpg,Otter
gs://vertex-ai-project-up202310061/images/86d7e594ce21d400.jpg,Otter
gs://vertex-ai-project-up202310061/images/9d2da6112d0ae6e9.jpg,Otter
gs://vertex-ai-project-up202310061/images/a5bf706c57e5a031.jpg,Otter
gs://vertex-ai-project-up202310061/images/b11c74f1e233e504.jpg,Otter
gs://vertex-ai-project-up202310061/images/b5c882cd6c985fb2.jpg,Otter
gs://vertex-ai-project-up202310061/images/0c119fb0a2f0d63b.jpg,Motorcycle
gs://vertex-ai-project-up202310061/images/0d8af2d90f9679e2.jpg,Motorcycle
gs://vertex-ai-project-up202310061/images/14214e3f5879ef39.jpg,Motorcycle
gs://vertex-ai-project-up202310061/images/1858f05255e4bf62.jpg,Motorcycle
gs://vertex-ai-project-up202310061/images/1f9e21fd822b6921.jpg,Motorcycle
gs://vertex-ai-project-up202310061/images/24770a64bb8b0263.jpg,Motorcycle
gs://vertex-ai-project-up202310061/images/27f103fc9b187521.jpg,Motorcycle
gs://vertex-ai-project-up202310061/images/2f1da0f9164714fa.jpg,Motorcycle
gs://vertex-ai-project-up202310061/images/3062896a818e5422.jpg,Motorcycle
gs://vertex-ai-project-up202310061/images/3d9dd014d65e70b6.jpg,Motorcycle
gs://vertex-ai-project-up202310061/images/00d9419e2faa59fa.jpg,Cat
gs://vertex-ai-project-up202310061/images/02fbcf6ff524762f.jpg,Cat
gs://vertex-ai-project-up202310061/images/0b21383186fb9f81.jpg,Cat
gs://vertex-ai-project-up202310061/images/0d04a6ac9f82d487.jpg,Cat
gs://vertex-ai-project-up202310061/images/0f4ab59a2fdaadb8.jpg,Cat
gs://vertex-ai-project-up202310061/images/0ff037d4305d0f10.jpg,Cat
gs://vertex-ai-project-up202310061/images/12fa64f36ad08c5b.jpg,Cat
gs://vertex-ai-project-up202310061/images/138323ddc170f97e.jpg,Cat
gs://vertex-ai-project-up202310061/images/1521f8e16a5f7fdd.jpg,Cat
gs://vertex-ai-project-up202310061/images/15d044562f3a5dd0.jpg,Cat
gs://vertex-ai-project-up202310061/images/01b777ffaa0813e5.jpg,Rifle
gs://vertex-ai-project-up202310061/images/02190307d9ae4b2f.jpg,Rifle
gs://vertex-ai-project-up202310061/images/02e669a35cac41d8.jpg,Rifle
gs://vertex-ai-project-up202310061/images/09488182bf04e4b1.jpg,Rifle
gs://vertex-ai-project-up202310061/images/1ef2dc2541f67071.jpg,Rifle
gs://vertex-ai-project-up202310061/images/24532ef3859724ed.jpg,Rifle
gs://vertex-ai-project-up202310061/images/2f9a340aa2a83a7d.jpg,Rifle
gs://vertex-ai-project-up202310061/images/32bdca935c6cb54d.jpg,Rifle
gs://vertex-ai-project-up202310061/images/3a80773c08342850.jpg,Rifle
gs://vertex-ai-project-up202310061/images/3bf93688cb550b7f.jpg,Rifle
gs://vertex-ai-project-up202310061/images/4d06a8060ec3c585.jpg,Rifle
gs://vertex-ai-project-up202310061/images/528fcc3f588361ee.jpg,Rifle
gs://vertex-ai-project-up202310061/images/573faf015cbe1768.jpg,Rifle
gs://vertex-ai-project-up202310061/images/5a0c5fabfc22841e.jpg,Rifle
gs://vertex-ai-project-up202310061/images/09f71d93add796a4.jpg,Broccoli
gs://vertex-ai-project-up202310061/images/2e9cce9498c82e28.jpg,Broccoli
gs://vertex-ai-project-up202310061/images/4c8b0c4a510b5a9a.jpg,Broccoli
gs://vertex-ai-project-up202310061/images/5d52dc2f600bc960.jpg,Broccoli
gs://vertex-ai-project-up202310061/images/691855a4be516b06.jpg,Broccoli
gs://vertex-ai-project-up202310061/images/729cb09b2648bf1b.jpg,Broccoli
gs://vertex-ai-project-up202310061/images/86db31e41a1afa3f.jpg,Broccoli
gs://vertex-ai-project-up202310061/images/951b8c0307bc3f72.jpg,Broccoli
gs://vertex-ai-project-up202310061/images/ab7181666ab7d0d0.jpg,Broccoli
gs://vertex-ai-project-up202310061/images/b60cb5aa66aa73d8.jpg,Broccoli
gs://vertex-ai-project-up202310061/images/e78707ad60e5b097.jpg,Broccoli
gs://vertex-ai-project-up202310061/images/03c63f77694cc675.jpg,Hamburger
gs://vertex-ai-project-up202310061/images/05accaeaa0b77567.jpg,Hamburger
gs://vertex-ai-project-up202310061/images/0803ccee1731fcb8.jpg,Hamburger
gs://vertex-ai-project-up202310061/images/0ba9c908aad3ab28.jpg,Hamburger
gs://vertex-ai-project-up202310061/images/16d0defbd77a9f6b.jpg,Hamburger
gs://vertex-ai-project-up202310061/images/1c5eb53040502bd4.jpg,Hamburger
gs://vertex-ai-project-up202310061/images/24e9c1742a904341.jpg,Hamburger
gs://vertex-ai-project-up202310061/images/29020280d96d8ddf.jpg,Hamburger
gs://vertex-ai-project-up202310061/images/2dd7a5f2136c3254.jpg,Hamburger
gs://vertex-ai-project-up202310061/images/42abc12afe013322.jpg,Hamburger
gs://vertex-ai-project-up202310061/images/477736377f0ccea0.jpg,Hamburger
gs://vertex-ai-project-up202310061/images/55fe2b9dc4945746.jpg,Hamburger
gs://vertex-ai-project-up202310061/images/5e50fb2b31e65c27.jpg,Hamburger
gs://vertex-ai-project-up202310061/images/5fb7425122c6280c.jpg,Hamburger
gs://vertex-ai-project-up202310061/images/65155a90bf9cc6e8.jpg,Hamburger
gs://vertex-ai-project-up202310061/images/6583e325d8fa892c.jpg,Hamburger
gs://vertex-ai-project-up202310061/images/0125f15ad93205bf.jpg,Airplane
gs://vertex-ai-project-up202310061/images/0205de60d0dc28a0.jpg,Airplane
gs://vertex-ai-project-up202310061/images/02a8b53abeb5f015.jpg,Airplane
gs://vertex-ai-project-up202310061/images/02dae28bbf4d02b0.jpg,Airplane
gs://vertex-ai-project-up202310061/images/0395bf272b8fadba.jpg,Airplane
gs://vertex-ai-project-up202310061/images/042eaf600f7d2d89.jpg,Airplane
gs://vertex-ai-project-up202310061/images/04af13c8a282bd4f.jpg,Airplane
gs://vertex-ai-project-up202310061/images/05638c868cecf3db.jpg,Airplane
gs://vertex-ai-project-up202310061/images/06c76f075ba3eff7.jpg,Airplane
gs://vertex-ai-project-up202310061/images/072f0c6ea2ca3db4.jpg,Airplane
gs://vertex-ai-project-up202310061/images/073b7959400f0da3.jpg,Airplane
gs://vertex-ai-project-up202310061/images/0852dddbdffe15e3.jpg,Airplane
gs://vertex-ai-project-up202310061/images/0891a69976644071.jpg,Airplane
gs://vertex-ai-project-up202310061/images/0a39441668695e05.jpg,Airplane
gs://vertex-ai-project-up202310061/images/081b80f4199a9032.jpg,Wine glass
gs://vertex-ai-project-up202310061/images/09a4ea8c11ee50ad.jpg,Wine glass
gs://vertex-ai-project-up202310061/images/130405d9f3a269d1.jpg,Wine glass
gs://vertex-ai-project-up202310061/images/216b55d42645d011.jpg,Wine glass
gs://vertex-ai-project-up202310061/images/2d527bef106f00bc.jpg,Wine glass
gs://vertex-ai-project-up202310061/images/3b8db87b6ad39b6b.jpg,Wine glass
gs://vertex-ai-project-up202310061/images/40efe0a3a12ca301.jpg,Wine glass
gs://vertex-ai-project-up202310061/images/64473313e54e8104.jpg,Wine glass
gs://vertex-ai-project-up202310061/images/6a022a9e9f413293.jpg,Wine glass
gs://vertex-ai-project-up202310061/images/1447059b7e0c5c95.jpg,Cart
gs://vertex-ai-project-up202310061/images/1492c0db9912af4d.jpg,Cart
gs://vertex-ai-project-up202310061/images/169bfc3250613901.jpg,Cart
gs://vertex-ai-project-up202310061/images/1b3b104c032ae8cb.jpg,Cart
gs://vertex-ai-project-up202310061/images/240c8319f41177f4.jpg,Cart
gs://vertex-ai-project-up202310061/images/2495604162503e11.jpg,Cart
gs://vertex-ai-project-up202310061/images/496fef23280b88b5.jpg,Cart
gs://vertex-ai-project-up202310061/images/4e22650de59cc651.jpg,Cart
gs://vertex-ai-project-up202310061/images/590e8e645962f19e.jpg,Cart
gs://vertex-ai-project-up202310061/images/69795f728ce91b4b.jpg,Cart
gs://vertex-ai-project-up202310061/images/00f195eb3b5d69e7.jpg,Wheelchair
gs://vertex-ai-project-up202310061/images/1a9be0ac8dcf4097.jpg,Wheelchair
gs://vertex-ai-project-up202310061/images/1c68d128ca536d93.jpg,Wheelchair
gs://vertex-ai-project-up202310061/images/554c659917c427ad.jpg,Wheelchair
gs://vertex-ai-project-up202310061/images/60db7a88a08ec396.jpg,Wheelchair
gs://vertex-ai-project-up202310061/images/6f270e11bd5ae9c9.jpg,Wheelchair
gs://vertex-ai-project-up202310061/images/90f64d31a1fa17a5.jpg,Wheelchair
gs://vertex-ai-project-up202310061/images/c8da688207761c36.jpg,Wheelchair
gs://vertex-ai-project-up202310061/images/1f06f74cdb86124f.jpg,Otter
gs://vertex-ai-project-up202310061/images/25f38efaf65a8ffd.jpg,Otter
gs://vertex-ai-project-up202310061/images/38852aa9afa89e79.jpg,Otter
gs://vertex-ai-project-up202310061/images/4ab2b78e6b9184a4.jpg,Otter
gs://vertex-ai-project-up202310061/images/4ec71e8bdf23fd45.jpg,Otter
gs://vertex-ai-project-up202310061/images/50427f3cc9ba3e2c.jpg,Otter
gs://vertex-ai-project-up202310061/images/52db01e021d6c70a.jpg,Otter
gs://vertex-ai-project-up202310061/images/6055deb4161a3ab3.jpg,Otter
gs://vertex-ai-project-up202310061/images/aa5e0c68b7b93485.jpg,Otter
gs://vertex-ai-project-up202310061/images/ad00727dba851366.jpg,Otter
gs://vertex-ai-project-up202310061/images/0745beb7a3b3d4e3.jpg,Motorcycle
gs://vertex-ai-project-up202310061/images/0e3fc50a46e054f5.jpg,Motorcycle
gs://vertex-ai-project-up202310061/images/1121ce4fa2829c32.jpg,Motorcycle
gs://vertex-ai-project-up202310061/images/11c01215f96223fc.jpg,Motorcycle
gs://vertex-ai-project-up202310061/images/19c5aef12b8c7f65.jpg,Motorcycle
gs://vertex-ai-project-up202310061/images/218b0009fe9e90d6.jpg,Motorcycle
gs://vertex-ai-project-up202310061/images/3caa425417a0db1e.jpg,Motorcycle
gs://vertex-ai-project-up202310061/images/08eef8249bb1c096.jpg,Cat
gs://vertex-ai-project-up202310061/images/0a397c6757b20695.jpg,Cat
gs://vertex-ai-project-up202310061/images/0a652c84fb45f9a9.jpg,Cat
gs://vertex-ai-project-up202310061/images/0bd7249cd8e061ba.jpg,Cat
gs://vertex-ai-project-up202310061/images/0bf0f85a86ad212f.jpg,Cat
gs://vertex-ai-project-up202310061/images/0ffc9bb1e54039f4.jpg,Cat
gs://vertex-ai-project-up202310061/images/1079052e02163b61.jpg,Cat
gs://vertex-ai-project-up202310061/images/10d3664ec0bb4dc9.jpg,Cat
gs://vertex-ai-project-up202310061/images/14f100eb85e81b95.jpg,Cat
gs://vertex-ai-project-up202310061/images/15441f45d3ec4ef2.jpg,Cat
gs://vertex-ai-project-up202310061/images/155fadedae2caf64.jpg,Cat
gs://vertex-ai-project-up202310061/images/07e98e72093730c4.jpg,Rifle
gs://vertex-ai-project-up202310061/images/16440c58564b3432.jpg,Rifle
gs://vertex-ai-project-up202310061/images/1d055090c5631b0d.jpg,Rifle
gs://vertex-ai-project-up202310061/images/20b593ae8ed6df02.jpg,Rifle
gs://vertex-ai-project-up202310061/images/2462263331741e89.jpg,Rifle
gs://vertex-ai-project-up202310061/images/2a2a1d0ab1895bff.jpg,Rifle
gs://vertex-ai-project-up202310061/images/3067770b8b4c64fe.jpg,Rifle
gs://vertex-ai-project-up202310061/images/31315f4df7ede550.jpg,Rifle
gs://vertex-ai-project-up202310061/images/33b3f7bf102addb6.jpg,Rifle
gs://vertex-ai-project-up202310061/images/3bffcd221ab21864.jpg,Rifle
gs://vertex-ai-project-up202310061/images/43f520f2eb946d80.jpg,Rifle
gs://vertex-ai-project-up202310061/images/45db945ec0002145.jpg,Rifle
gs://vertex-ai-project-up202310061/images/5d7ad3b9a09f6d35.jpg,Rifle
gs://vertex-ai-project-up202310061/images/1222a76f090d5bd3.jpg,Broccoli
gs://vertex-ai-project-up202310061/images/275ad33561351542.jpg,Broccoli
gs://vertex-ai-project-up202310061/images/2bbc6adf1cff3456.jpg,Broccoli
gs://vertex-ai-project-up202310061/images/2f927967ec31c859.jpg,Broccoli
gs://vertex-ai-project-up202310061/images/38c488b846372b7e.jpg,Broccoli
gs://vertex-ai-project-up202310061/images/493686469f22394f.jpg,Broccoli
gs://vertex-ai-project-up202310061/images/4ae486e5d6c9b58b.jpg,Broccoli
gs://vertex-ai-project-up202310061/images/6292940960ba690e.jpg,Broccoli
gs://vertex-ai-project-up202310061/images/79eeaeb33f733015.jpg,Broccoli
gs://vertex-ai-project-up202310061/images/7be307dcf61af64b.jpg,Broccoli
gs://vertex-ai-project-up202310061/images/7f2d5cb3e702e58c.jpg,Broccoli
gs://vertex-ai-project-up202310061/images/8623a29a54a19e3e.jpg,Broccoli
gs://vertex-ai-project-up202310061/images/995a35120aacc96e.jpg,Broccoli
gs://vertex-ai-project-up202310061/images/a636e2d126044645.jpg,Broccoli
gs://vertex-ai-project-up202310061/images/c5e9893f6b1e69a3.jpg,Broccoli
gs://vertex-ai-project-up202310061/images/07f40c899972a740.jpg,Hamburger
gs://vertex-ai-project-up202310061/images/22fface1a0bddcb0.jpg,Hamburger
gs://vertex-ai-project-up202310061/images/2ed30ad68259b02e.jpg,Hamburger
gs://vertex-ai-project-up202310061/images/3027c21533c17e4e.jpg,Hamburger
gs://vertex-ai-project-up202310061/images/4711efe61300309b.jpg,Hamburger
gs://vertex-ai-project-up202310061/images/56f74db9cf416934.jpg,Hamburger
gs://vertex-ai-project-up202310061/images/5c7a1a8292976221.jpg,Hamburger
gs://vertex-ai-project-up202310061/images/6219666cf3a78b2a.jpg,Hamburger
gs://vertex-ai-project-up202310061/images/013a89c5de8e1da8.jpg,Airplane
gs://vertex-ai-project-up202310061/images/01f9d5f71c35c05d.jpg,Airplane
gs://vertex-ai-project-up202310061/images/04bae8ea80a4dfeb.jpg,Airplane
gs://vertex-ai-project-up202310061/images/059cb2a6f7aac416.jpg,Airplane
gs://vertex-ai-project-up202310061/images/06995dfc8358bc0d.jpg,Airplane
gs://vertex-ai-project-up202310061/images/07007a0ea3f9bace.jpg,Airplane
gs://vertex-ai-project-up202310061/images/086c30c2c19ad078.jpg,Airplane
gs://vertex-ai-project-up202310061/images/08717a04db235a24.jpg,Airplane
gs://vertex-ai-project-up202310061/images/095d517f3f15a615.jpg,Airplane
gs://vertex-ai-project-up202310061/images/0a3f73165751b5fd.jpg,Airplane
gs://vertex-ai-project-up202310061/images/0ad73be942147205.jpg,Airplane
gs://vertex-ai-project-up202310061/images/047943ff651432f7.jpg,Wine glass
gs://vertex-ai-project-up202310061/images/0ca790da12c776d6.jpg,Wine glass
gs://vertex-ai-project-up202310061/images/1576fae452091dc0.jpg,Wine glass
gs://vertex-ai-project-up202310061/images/1cbdc945d69244da.jpg,Wine glass
gs://vertex-ai-project-up202310061/images/234e8bf90a7f31d1.jpg,Wine glass
gs://vertex-ai-project-up202310061/images/2ee8ab28078c7b15.jpg,Wine glass
gs://vertex-ai-project-up202310061/images/306104c8a3d93e44.jpg,Wine glass
gs://vertex-ai-project-up202310061/images/3098b680e47f2514.jpg,Wine glass
gs://vertex-ai-project-up202310061/images/316e145d446d7e8a.jpg,Wine glass
gs://vertex-ai-project-up202310061/images/3c55a471802c62ab.jpg,Wine glass
gs://vertex-ai-project-up202310061/images/51952fd3d9a81ad7.jpg,Wine glass
gs://vertex-ai-project-up202310061/images/5317d0c01e318117.jpg,Wine glass
gs://vertex-ai-project-up202310061/images/6057ee0116f35649.jpg,Wine glass
gs://vertex-ai-project-up202310061/images/6129d68db2d103de.jpg,Wine glass
gs://vertex-ai-project-up202310061/images/68420c1f7592a8d1.jpg,Wine glass
gs://vertex-ai-project-up202310061/images/73f6ce5de624d1e8.jpg,Wine glass
gs://vertex-ai-project-up202310061/images/04a8593690b9efea.jpg,Cart
gs://vertex-ai-project-up202310061/images/06de6c4d3f9669e3.jpg,Cart
gs://vertex-ai-project-up202310061/images/07638773cfbe2ee1.jpg,Cart
gs://vertex-ai-project-up202310061/images/120a01ef5a123ef1.jpg,Cart
gs://vertex-ai-project-up202310061/images/1754b9da8d98c757.jpg,Cart
gs://vertex-ai-project-up202310061/images/18dcbc544ca2ae8f.jpg,Cart
gs://vertex-ai-project-up202310061/images/1e3c8f312cb93644.jpg,Cart
gs://vertex-ai-project-up202310061/images/2a9e7e634fe98fcc.jpg,Cart
gs://vertex-ai-project-up202310061/images/3da0db0b1d4b9253.jpg,Cart
gs://vertex-ai-project-up202310061/images/3e48ec08bb56cdd9.jpg,Cart
gs://vertex-ai-project-up202310061/images/3e76e800cdc38a57.jpg,Cart
gs://vertex-ai-project-up202310061/images/422cad1d459436f4.jpg,Cart
gs://vertex-ai-project-up202310061/images/43a5437f4b3832eb.jpg,Cart
gs://vertex-ai-project-up202310061/images/529ced81aa997780.jpg,Cart
gs://vertex-ai-project-up202310061/images/5894d1ab6cf64353.jpg,Cart
gs://vertex-ai-project-up202310061/images/0d3da99d8e13aa3c.jpg,Wheelchair
gs://vertex-ai-project-up202310061/images/18b07eb97ba45d5a.jpg,Wheelchair
gs://vertex-ai-project-up202310061/images/2796e6531053fa22.jpg,Wheelchair
gs://vertex-ai-project-up202310061/images/2871e243fc527d3a.jpg,Wheelchair
gs://vertex-ai-project-up202310061/images/7d5e8e5493a67a88.jpg,Wheelchair
gs://vertex-ai-project-up202310061/images/d12b0369bb153404.jpg,Wheelchair
gs://vertex-ai-project-up202310061/images/ea49c96cef84458c.jpg,Wheelchair
gs://vertex-ai-project-up202310061/images/f4ae75d0e8701e53.jpg,Wheelchair
gs://vertex-ai-project-up202310061/images/05c2a98a9163613c.jpg,Otter
gs://vertex-ai-project-up202310061/images/133c042afc008b6e.jpg,Otter
gs://vertex-ai-project-up202310061/images/220d1774f197cf93.jpg,Otter
gs://vertex-ai-project-up202310061/images/3222529613e01a44.jpg,Otter
gs://vertex-ai-project-up202310061/images/37dae147c8bb7cb5.jpg,Otter
gs://vertex-ai-project-up202310061/images/41b61feb8d1b8081.jpg,Otter
gs://vertex-ai-project-up202310061/images/508e797901f240dd.jpg,Otter
gs://vertex-ai-project-up202310061/images/5ae0bcacd32075d3.jpg,Otter
gs://vertex-ai-project-up202310061/images/6b5bca9940344f7d.jpg,Otter
gs://vertex-ai-project-up202310061/images/6ecaed8b66ea8342.jpg,Otter
gs://vertex-ai-project-up202310061/images/70199eb075572736.jpg,Otter
gs://vertex-ai-project-up202310061/images/9776f78cef5e254a.jpg,Otter
gs://vertex-ai-project-up202310061/images/b8de70cb1d28f7f7.jpg,Otter
gs://vertex-ai-project-up202310061/images/023c7d986f64b55e.jpg,Motorcycle
gs://vertex-ai-project-up202310061/images/0a7c7f278529d0e0.jpg,Motorcycle
gs://vertex-ai-project-up202310061/images/0ba4a702f67ab14d.jpg,Motorcycle
gs://vertex-ai-project-up202310061/images/10644f516604217c.jpg,Motorcycle
gs://vertex-ai-project-up202310061/images/10f0b6cfe8e9c4c5.jpg,Motorcycle
gs://vertex-ai-project-up202310061/images/137898e7570113ab.jpg,Motorcycle
gs://vertex-ai-project-up202310061/images/1e2226bc394277ab.jpg,Motorcycle
gs://vertex-ai-project-up202310061/images/207d45d161a5049f.jpg,Motorcycle
gs://vertex-ai-project-up202310061/images/26d6ea6b517b3f12.jpg,Motorcycle
gs://vertex-ai-project-up202310061/images/325aca6a6e4772fe.jpg,Motorcycle
gs://vertex-ai-project-up202310061/images/3481b6cbfcbd6a90.jpg,Motorcycle
gs://vertex-ai-project-up202310061/images/38e19a435e326237.jpg,Motorcycle
gs://vertex-ai-project-up202310061/images/3e8fa06c722dcc2c.jpg,Motorcycle
gs://vertex-ai-project-up202310061/images/012b40f0d9ccba39.jpg,Cat
gs://vertex-ai-project-up202310061/images/070796cae7b21655.jpg,Cat
gs://vertex-ai-project-up202310061/images/07d9048a6e0dc007.jpg,Cat
gs://vertex-ai-project-up202310061/images/07f0bbd3fd9f3448.jpg,Cat
gs://vertex-ai-project-up202310061/images/099d79a1168e95a2.jpg,Cat
gs://vertex-ai-project-up202310061/images/0cbf8493b636ce37.jpg,Cat
gs://vertex-ai-project-up202310061/images/12d23628822d875f.jpg,Cat
gs://vertex-ai-project-up202310061/images/13f8a57a12298e3f.jpg,Cat
gs://vertex-ai-project-up202310061/images/1580c1b38012fee9.jpg,Cat
gs://vertex-ai-project-up202310061/images/0463153ffd483c48.jpg,Rifle
gs://vertex-ai-project-up202310061/images/0b19b57b99ea7d55.jpg,Rifle
gs://vertex-ai-project-up202310061/images/1239fa40eecbb506.jpg,Rifle
gs://vertex-ai-project-up202310061/images/315317fce57d3276.jpg,Rifle
gs://vertex-ai-project-up202310061/images/3460dc99c01248c1.jpg,Rifle
gs://vertex-ai-project-up202310061/images/3cd1f76ad7a24f35.jpg,Rifle
gs://vertex-ai-project-up202310061/images/498e3336e64ab815.jpg,Rifle
gs://vertex-ai-project-up202310061/images/49e40ccefbef1c86.jpg,Rifle
gs://vertex-ai-project-up202310061/images/56147a62cba9e7d6.jpg,Rifle
gs://vertex-ai-project-up202310061/images/034a2ea7a2cc265f.jpg,Broccoli
gs://vertex-ai-project-up202310061/images/2c43afa289de9046.jpg,Broccoli
gs://vertex-ai-project-up202310061/images/2eb9a2c1243fcfa2.jpg,Broccoli
gs://vertex-ai-project-up202310061/images/9824c640b846be84.jpg,Broccoli
gs://vertex-ai-project-up202310061/images/a8b286832f5b254b.jpg,Broccoli
gs://vertex-ai-project-up202310061/images/cd874f568d5f7e6a.jpg,Broccoli
gs://vertex-ai-project-up202310061/images/d078052389982a1c.jpg,Broccoli
gs://vertex-ai-project-up202310061/images/0d984538625974b4.jpg,Hamburger
gs://vertex-ai-project-up202310061/images/10fa51e371023c10.jpg,Hamburger
gs://vertex-ai-project-up202310061/images/15f04d4712d97f0a.jpg,Hamburger
gs://vertex-ai-project-up202310061/images/220647715feeada9.jpg,Hamburger
gs://vertex-ai-project-up202310061/images/2695824376168622.jpg,Hamburger
gs://vertex-ai-project-up202310061/images/2a6d5bdf5a07eb45.jpg,Hamburger
gs://vertex-ai-project-up202310061/images/2eb1732af9415c2b.jpg,Hamburger
gs://vertex-ai-project-up202310061/images/424bcfd53154158b.jpg,Hamburger
gs://vertex-ai-project-up202310061/images/48e463f09ebebd50.jpg,Hamburger
gs://vertex-ai-project-up202310061/images/4ac57cc635cb3d8f.jpg,Hamburger
gs://vertex-ai-project-up202310061/images/4f2f974b83c95bf8.jpg,Hamburger
gs://vertex-ai-project-up202310061/images/65fd9eea24d115d5.jpg,Hamburger
gs://vertex-ai-project-up202310061/images/003802a692d96647.jpg,Airplane
gs://vertex-ai-project-up202310061/images/00835f0fbe950715.jpg,Airplane
gs://vertex-ai-project-up202310061/images/021308dcac42c0ec.jpg,Airplane
gs://vertex-ai-project-up202310061/images/0300e59281a86403.jpg,Airplane
gs://vertex-ai-project-up202310061/images/032a45aae71ab704.jpg,Airplane
gs://vertex-ai-project-up202310061/images/0513ffc21bf932f0.jpg,Airplane
gs://vertex-ai-project-up202310061/images/05332c9830f8e473.jpg,Airplane
gs://vertex-ai-project-up202310061/images/056c43c406dc331d.jpg,Airplane
gs://vertex-ai-project-up202310061/images/05eda3c5bf23229f.jpg,Airplane
gs://vertex-ai-project-up202310061/images/067a8caa6642ee2c.jpg,Airplane
gs://vertex-ai-project-up202310061/images/07d88b52ed60bc65.jpg,Airplane
gs://vertex-ai-project-up202310061/images/07ea5825bb988456.jpg,Airplane
gs://vertex-ai-project-up202310061/images/080dfc740f2c98af.jpg,Airplane
gs://vertex-ai-project-up202310061/images/09c44ff6a84dd84f.jpg,Airplane
gs://vertex-ai-project-up202310061/images/0a55dab7aaba3f11.jpg,Airplane
gs://vertex-ai-project-up202310061/images/0098b697cf5f8df7.jpg,Wine glass
gs://vertex-ai-project-up202310061/images/0f3b0af905775dd7.jpg,Wine glass
gs://vertex-ai-project-up202310061/images/104d071056b77660.jpg,Wine glass
gs://vertex-ai-project-up202310061/images/13eaa1219788ced5.jpg,Wine glass
gs://vertex-ai-project-up202310061/images/1855f06fe071d312.jpg,Wine glass
gs://vertex-ai-project-up202310061/images/242fc7f5fec266ac.jpg,Wine glass
gs://vertex-ai-project-up202310061/images/2b525bbb35416883.jpg,Wine glass
gs://vertex-ai-project-up202310061/images/6185b81637ece050.jpg,Wine glass
gs://vertex-ai-project-up202310061/images/63d95d5977c2fe98.jpg,Wine glass
gs://vertex-ai-project-up202310061/images/0218cdd9e1e186e7.jpg,Cart
gs://vertex-ai-project-up202310061/images/0dbb168bb6280c6b.jpg,Cart
gs://vertex-ai-project-up202310061/images/0fb656f0d8e27c9a.jpg,Cart
gs://vertex-ai-project-up202310061/images/187acd62b8b99bb9.jpg,Cart
gs://vertex-ai-project-up202310061/images/198b358e894561c0.jpg,Cart
gs://vertex-ai-project-up202310061/images/2c80bbf539e6885b.jpg,Cart
gs://vertex-ai-project-up202310061/images/2d15358a9c6aad15.jpg,Cart
gs://vertex-ai-project-up202310061/images/3716b87ade52a28a.jpg,Cart
gs://vertex-ai-project-up202310061/images/3a8f2c7c99eef890.jpg,Cart
gs://vertex-ai-project-up202310061/images/3ecfe19133337145.jpg,Cart
gs://vertex-ai-project-up202310061/images/46e22d56deeb5ec8.jpg,Cart
gs://vertex-ai-project-up202310061/images/547ddead7df9ec23.jpg,Cart
gs://vertex-ai-project-up202310061/images/58f451b8ee77b512.jpg,Cart
gs://vertex-ai-project-up202310061/images/0ff0afad0834e579.jpg,Wheelchair
gs://vertex-ai-project-up202310061/images/3748175db4acdb77.jpg,Wheelchair
gs://vertex-ai-project-up202310061/images/51928591fc5c7632.jpg,Wheelchair
gs://vertex-ai-project-up202310061/images/6f82654a40e0ccbd.jpg,Wheelchair
gs://vertex-ai-project-up202310061/images/776fe95fc23b17c7.jpg,Wheelchair
gs://vertex-ai-project-up202310061/images/9fd32dec7f2faa76.jpg,Wheelchair
gs://vertex-ai-project-up202310061/images/c851dfb8c9d8eb9c.jpg,Wheelchair
gs://vertex-ai-project-up202310061/images/d26badfae979e65c.jpg,Wheelchair
gs://vertex-ai-project-up202310061/images/426fa63a2dc0d700.jpg,Otter
gs://vertex-ai-project-up202310061/images/554946b5d159dc99.jpg,Otter
gs://vertex-ai-project-up202310061/images/6eead1a8a569131a.jpg,Otter
gs://vertex-ai-project-up202310061/images/71f8c8a0ce35d9a1.jpg,Otter
gs://vertex-ai-project-up202310061/images/7254120dac4c0fed.jpg,Otter
gs://vertex-ai-project-up202310061/images/7aafd1b3dce59952.jpg,Otter
gs://vertex-ai-project-up202310061/images/a1eaecd6291e4a55.jpg,Otter
gs://vertex-ai-project-up202310061/images/a63e64e50a41d0ab.jpg,Otter
gs://vertex-ai-project-up202310061/images/0013a0927e6bbefc.jpg,Motorcycle
gs://vertex-ai-project-up202310061/images/014ed795e501662f.jpg,Motorcycle
gs://vertex-ai-project-up202310061/images/0edd8f0501350781.jpg,Motorcycle
gs://vertex-ai-project-up202310061/images/1c978ce085f21e56.jpg,Motorcycle
gs://vertex-ai-project-up202310061/images/1d428351e2d5a8d3.jpg,Motorcycle
gs://vertex-ai-project-up202310061/images/1eef9e817a74047e.jpg,Motorcycle
gs://vertex-ai-project-up202310061/images/2441a7a6ef2dddf6.jpg,Motorcycle
gs://vertex-ai-project-up202310061/images/26b8a97e8bb250aa.jpg,Motorcycle
gs://vertex-ai-project-up202310061/images/2e6d87c87781a8d2.jpg,Motorcycle
gs://vertex-ai-project-up202310061/images/38ad43a236c5846c.jpg,Motorcycle
gs://vertex-ai-project-up202310061/images/39ce8608956a4ba1.jpg,Motorcycle
gs://vertex-ai-project-up202310061/images/3df336f270c16428.jpg,Motorcycle
gs://vertex-ai-project-up202310061/images/00567dcce4a5f7d9.jpg,Cat
gs://vertex-ai-project-up202310061/images/017c776a67956dd9.jpg,Cat
gs://vertex-ai-project-up202310061/images/01a471db31e88727.jpg,Cat
gs://vertex-ai-project-up202310061/images/033797e7b2ae595b.jpg,Cat
gs://vertex-ai-project-up202310061/images/0675c64e78c43bd4.jpg,Cat
gs://vertex-ai-project-up202310061/images/0a10e5741162ef98.jpg,Cat
gs://vertex-ai-project-up202310061/images/0b061ceda8f590e7.jpg,Cat
gs://vertex-ai-project-up202310061/images/0b1166e05c7e2705.jpg,Cat
gs://vertex-ai-project-up202310061/images/0b1d8641c0a629e5.jpg,Cat
gs://vertex-ai-project-up202310061/images/0e47cf48693a0bd4.jpg,Cat
gs://vertex-ai-project-up202310061/images/1437c062ffadd25f.jpg,Cat
gs://vertex-ai-project-up202310061/images/166f70ea6f71c41d.jpg,Cat
gs://vertex-ai-project-up202310061/images/02fc77ab00cea91a.jpg,Rifle
gs://vertex-ai-project-up202310061/images/0ca861c495f683a9.jpg,Rifle
gs://vertex-ai-project-up202310061/images/1bd4bae8ae384f19.jpg,Rifle
gs://vertex-ai-project-up202310061/images/29435cb93519e9eb.jpg,Rifle
gs://vertex-ai-project-up202310061/images/2dc42e199f5d2251.jpg,Rifle
gs://vertex-ai-project-up202310061/images/31468240d2e07e9c.jpg,Rifle
gs://vertex-ai-project-up202310061/images/3a9984dfabe30b9f.jpg,Rifle
gs://vertex-ai-project-up202310061/images/4a42bf9f1f232733.jpg,Rifle
gs://vertex-ai-project-up202310061/images/4fc6994977cbcbfc.jpg,Rifle
gs://vertex-ai-project-up202310061/images/5473be254b823641.jpg,Rifle
gs://vertex-ai-project-up202310061/images/584590f6d3e26573.jpg,Rifle
gs://vertex-ai-project-up202310061/images/5d4d3070cbba7d3d.jpg,Rifle
gs://vertex-ai-project-up202310061/images/0f4789ab2d01e421.jpg,Broccoli
gs://vertex-ai-project-up202310061/images/22066bc00132ea16.jpg,Broccoli
gs://vertex-ai-project-up202310061/images/2ed78a56f07a7095.jpg,Broccoli
gs://vertex-ai-project-up202310061/images/4612cd2886270ee4.jpg,Broccoli
gs://vertex-ai-project-up202310061/images/4c7b8dbb8dc2ae98.jpg,Broccoli
gs://vertex-ai-project-up202310061/images/516a2419668bd201.jpg,Broccoli
gs://vertex-ai-project-up202310061/images/70c5073d951d2a20.jpg,Broccoli
gs://vertex-ai-project-up202310061/images/7cda894b357d7140.jpg,Broccoli
gs://vertex-ai-project-up202310061/images/a1208a39e451273f.jpg,Broccoli
gs://vertex-ai-project-up202310061/images/a57bc7ba0c7b4757.jpg,Broccoli
gs://vertex-ai-project-up202310061/images/a7f2b8ea76fde35f.jpg,Broccoli
gs://vertex-ai-project-up202310061/images/aa656887825be414.jpg,Broccoli
gs://vertex-ai-project-up202310061/images/ae8e9ffc47a9a3c6.jpg,Broccoli
gs://vertex-ai-project-up202310061/images/da5e9ee71f1ba5ef.jpg,Broccoli
gs://vertex-ai-project-up202310061/images/00167b2ac2394762.jpg,Hamburger
gs://vertex-ai-project-up202310061/images/0ceaf6fb6df674bc.jpg,Hamburger
gs://vertex-ai-project-up202310061/images/0ead5d15c3bc0aa7.jpg,Hamburger
gs://vertex-ai-project-up202310061/images/1ae8ecee7c620a24.jpg,Hamburger
gs://vertex-ai-project-up202310061/images/2177de574190ffff.jpg,Hamburger
gs://vertex-ai-project-up202310061/images/2dc28a8086b2ef29.jpg,Hamburger
gs://vertex-ai-project-up202310061/images/3f3a69141e70f9ce.jpg,Hamburger
gs://vertex-ai-project-up202310061/images/439eccee1a85c56a.jpg,Hamburger
gs://vertex-ai-project-up202310061/images/4bd6398679feb8b4.jpg,Hamburger
gs://vertex-ai-project-up202310061/images/583a8987df920c32.jpg,Hamburger
gs://vertex-ai-project-up202310061/images/5eae631d4ff71e89.jpg,Hamburger
gs://vertex-ai-project-up202310061/images/006060767e46b6af.jpg,Airplane
gs://vertex-ai-project-up202310061/images/0197090b3dee1c7c.jpg,Airplane
gs://vertex-ai-project-up202310061/images/01d4c269fd96589d.jpg,Airplane
gs://vertex-ai-project-up202310061/images/01ec193289b6a668.jpg,Airplane
gs://vertex-ai-project-up202310061/images/02e5c8c76cc2cdf0.jpg,Airplane
gs://vertex-ai-project-up202310061/images/0317e581988fb533.jpg,Airplane
gs://vertex-ai-project-up202310061/images/0374ff9c7f28c427.jpg,Airplane
gs://vertex-ai-project-up202310061/images/0432503d7d6f9b42.jpg,Airplane
gs://vertex-ai-project-up202310061/images/06925ae18d97f657.jpg,Airplane
gs://vertex-ai-project-up202310061/images/06990ec93a9c1b16.jpg,Airplane
gs://vertex-ai-project-up202310061/images/07460a2d88db9df5.jpg,Airplane
gs://vertex-ai-project-up202310061/images/07d4bdcea907ab25.jpg,Airplane
gs://vertex-ai-project-up202310061/images/07f7c0f19ce87d9c.jpg,Airplane
gs://vertex-ai-project-up202310061/images/08941c442ff98916.jpg,Airplane
gs://vertex-ai-project-up202310061/images/0936c2cd5969942f.jpg,Airplane
gs://vertex-ai-project-up202310061/images/09698840b009022c.jpg,Airplane
gs://vertex-ai-project-up202310061/images/09feea00236890b2.jpg,Airplane
gs://vertex-ai-project-up202310061/images/0ab20f50ffd8fabe.jpg,Airplane
gs://vertex-ai-project-up202310061/images/0acbd51b3fcb0efc.jpg,Airplane
gs://vertex-ai-project-up202310061/images/00b729b5187a1898.jpg,Wine glass
gs://vertex-ai-project-up202310061/images/00f8b4d7bc4c74c9.jpg,Wine glass
gs://vertex-ai-project-up202310061/images/04722f05ac95ecf5.jpg,Wine glass
gs://vertex-ai-project-up202310061/images/0bcf21f43f327741.jpg,Wine glass
gs://vertex-ai-project-up202310061/images/242935ad5d700ea1.jpg,Wine glass
gs://vertex-ai-project-up202310061/images/3029f45368b5a2f6.jpg,Wine glass
gs://vertex-ai-project-up202310061/images/3ca95255780f198f.jpg,Wine glass
gs://vertex-ai-project-up202310061/images/43e9d4576f7f5570.jpg,Wine glass
gs://vertex-ai-project-up202310061/images/447341225050468d.jpg,Wine glass
gs://vertex-ai-project-up202310061/images/46ada412736c65f9.jpg,Wine glass
gs://vertex-ai-project-up202310061/images/63b5adbb9c09b8f8.jpg,Wine glass
gs://vertex-ai-project-up202310061/images/647a2b892806e00e.jpg,Wine glass
gs://vertex-ai-project-up202310061/images/210fccc9699e4bf4.jpg,Cart
gs://vertex-ai-project-up202310061/images/25d409a5fc514b01.jpg,Cart
gs://vertex-ai-project-up202310061/images/36d7f7b3f0b89c71.jpg,Cart
gs://vertex-ai-project-up202310061/images/3ba9f7cf68c652e4.jpg,Cart
gs://vertex-ai-project-up202310061/images/499a28065fc84ec3.jpg,Cart
gs://vertex-ai-project-up202310061/images/503befc499bc82de.jpg,Cart
gs://vertex-ai-project-up202310061/images/61ef028e01ecac1c.jpg,Cart
gs://vertex-ai-project-up202310061/images/6671be7e6ce67288.jpg,Cart
gs://vertex-ai-project-up202310061/images/674d9b5f52aee8a6.jpg,Cart
gs://vertex-ai-project-up202310061/images/007bddc8f1277b76.jpg,Wheelchair
gs://vertex-ai-project-up202310061/images/0226572425c5051c.jpg,Wheelchair
gs://vertex-ai-project-up202310061/images/19bcee3dde24f11d.jpg,Wheelchair
gs://vertex-ai-project-up202310061/images/2a2821197832ec29.jpg,Wheelchair
gs://vertex-ai-project-up202310061/images/356fadf373084424.jpg,Wheelchair
gs://vertex-ai-project-up202310061/images/36f29ffcb961c7d1.jpg,Wheelchair
gs://vertex-ai-project-up202310061/images/428d73b09809e429.jpg,Wheelchair
gs://vertex-ai-project-up202310061/images/4cd328fd14bfc1d9.jpg,Wheelchair
gs://vertex-ai-project-up202310061/images/77c1a9448a7f9825.jpg,Wheelchair
gs://vertex-ai-project-up202310061/images/92b5bb3144f0f7d1.jpg,Wheelchair
gs://vertex-ai-project-up202310061/images/a9b8e9e932e7bdbd.jpg,Wheelchair
gs://vertex-ai-project-up202310061/images/aba860f546433114.jpg,Wheelchair
gs://vertex-ai-project-up202310061/images/b3df9a9f4034126b.jpg,Wheelchair
gs://vertex-ai-project-up202310061/images/bb04c3ba6c534f72.jpg,Wheelchair
gs://vertex-ai-project-up202310061/images/bedebc56bbae02ea.jpg,Wheelchair
gs://vertex-ai-project-up202310061/images/e3d3ebb686708c88.jpg,Wheelchair
gs://vertex-ai-project-up202310061/images/e816982c4d4b69d2.jpg,Wheelchair
gs://vertex-ai-project-up202310061/images/0255da3e954f3ff9.jpg,Otter
gs://vertex-ai-project-up202310061/images/4d0f3223700e6099.jpg,Otter
gs://vertex-ai-project-up202310061/images/53fd04875e29d5cf.jpg,Otter
gs://vertex-ai-project-up202310061/images/5b2feb8bcdbf5632.jpg,Otter
gs://vertex-ai-project-up202310061/images/69ab07d0fee0381d.jpg,Otter
gs://vertex-ai-project-up202310061/images/81ba145034d12bda.jpg,Otter
gs://vertex-ai-project-up202310061/images/838fdee888d51a4d.jpg,Otter
gs://vertex-ai-project-up202310061/images/97b37e9879653f9f.jpg,Otter
gs://vertex-ai-project-up202310061/images/9f860aeeb9c9efd4.jpg,Otter
gs://vertex-ai-project-up202310061/images/a96ab85ddcea07f3.jpg,Otter
gs://vertex-ai-project-up202310061/images/08eb9697d767c481.jpg,Motorcycle
gs://vertex-ai-project-up202310061/images/0b3cee81b907aa24.jpg,Motorcycle
gs://vertex-ai-project-up202310061/images/0f29e6dcd8efa172.jpg,Motorcycle
gs://vertex-ai-project-up202310061/images/0f8b7f940986d98b.jpg,Motorcycle
gs://vertex-ai-project-up202310061/images/109754ea6e523d5b.jpg,Motorcycle
gs://vertex-ai-project-up202310061/images/1176d60362eb2895.jpg,Motorcycle
gs://vertex-ai-project-up202310061/images/1f2afd4a5761e55e.jpg,Motorcycle
gs://vertex-ai-project-up202310061/images/1f8c7b5798fc5545.jpg,Motorcycle
gs://vertex-ai-project-up202310061/images/25c1ba4b9caff840.jpg,Motorcycle
gs://vertex-ai-project-up202310061/images/26b66fb6e35707bd.jpg,Motorcycle
gs://vertex-ai-project-up202310061/images/29f506fb37c411c6.jpg,Motorcycle
gs://vertex-ai-project-up202310061/images/2aa0939e6d7c768d.jpg,Motorcycle
gs://vertex-ai-project-up202310061/images/2e29476a8d09a7de.jpg,Motorcycle
gs://vertex-ai-project-up202310061/images/349264eaecc50cb5.jpg,Motorcycle
gs://vertex-ai-project-up202310061/images/39c4c1840b60523c.jpg,Motorcycle
gs://vertex-ai-project-up202310061/images/3b59847b506cbfeb.jpg,Motorcycle
gs://vertex-ai-project-up202310061/images/3d458b5ccde38d14.jpg,Motorcycle
gs://vertex-ai-project-up202310061/images/3d4e78a7b7d5bce7.jpg,Motorcycle
gs://vertex-ai-project-up202310061/images/0410eff2d01dd540.jpg,Cat
gs://vertex-ai-project-up202310061/images/0524443ce8d771fb.jpg,Cat
gs://vertex-ai-project-up202310061/images/072075cc0668cc68.jpg,Cat
gs://vertex-ai-project-up202310061/images/0c15cedc8716a24b.jpg,Cat
gs://vertex-ai-project-up202310061/images/106a71475c38d177.jpg,Cat
gs://vertex-ai-project-up202310061/images/11576c45895da4ba.jpg,Cat
gs://vertex-ai-project-up202310061/images/15d1c8132be1d7f6.jpg,Cat
gs://vertex-ai-project-up202310061/images/09db3800b249e10b.jpg,Rifle
gs://vertex-ai-project-up202310061/images/176bbafad806c782.jpg,Rifle
gs://vertex-ai-project-up202310061/images/1847f2074cc67757.jpg,Rifle
gs://vertex-ai-project-up202310061/images/1c24c6a46afe1a57.jpg,Rifle
gs://vertex-ai-project-up202310061/images/245484ba8fc2a049.jpg,Rifle
gs://vertex-ai-project-up202310061/images/26ea34575d7faa54.jpg,Rifle
gs://vertex-ai-project-up202310061/images/4a687ef8a22deb99.jpg,Rifle
gs://vertex-ai-project-up202310061/images/530f05dad528fae4.jpg,Rifle
gs://vertex-ai-project-up202310061/images/5559515ef5c965fa.jpg,Rifle
gs://vertex-ai-project-up202310061/images/04ecae4ccb381146.jpg,Broccoli
gs://vertex-ai-project-up202310061/images/2c1686d2bb00121b.jpg,Broccoli
gs://vertex-ai-project-up202310061/images/304887fd92b7c360.jpg,Broccoli
gs://vertex-ai-project-up202310061/images/42a54dabf179cb6a.jpg,Broccoli
gs://vertex-ai-project-up202310061/images/5d0022640d4960e9.jpg,Broccoli
gs://vertex-ai-project-up202310061/images/5e0df115688a5b90.jpg,Broccoli
gs://vertex-ai-project-up202310061/images/6c448c8175631fba.jpg,Broccoli
gs://vertex-ai-project-up202310061/images/80f5a373aa2e153a.jpg,Broccoli
gs://vertex-ai-project-up202310061/images/8a473c1c664dec7b.jpg,Broccoli
gs://vertex-ai-project-up202310061/images/a14cc0105278adda.jpg,Broccoli
gs://vertex-ai-project-up202310061/images/d601782ca2835c8f.jpg,Broccoli
gs://vertex-ai-project-up202310061/images/1e5579db0da04632.jpg,Hamburger
gs://vertex-ai-project-up202310061/images/2f00545e0a5f8544.jpg,Hamburger
gs://vertex-ai-project-up202310061/images/339e6c8c934eab7c.jpg,Hamburger
gs://vertex-ai-project-up202310061/images/38a56f622cc4251b.jpg,Hamburger
gs://vertex-ai-project-up202310061/images/4b83721f62b5719f.jpg,Hamburger
gs://vertex-ai-project-up202310061/images/4bb890d3c0e758f9.jpg,Hamburger
gs://vertex-ai-project-up202310061/images/54f7e3d8ebf46fca.jpg,Hamburger
gs://vertex-ai-project-up202310061/images/54fc9508bf3ceea5.jpg,Hamburger
gs://vertex-ai-project-up202310061/images/55e54a188f9be0f7.jpg,Hamburger
gs://vertex-ai-project-up202310061/images/59ba2c1cffb0176c.jpg,Hamburger
gs://vertex-ai-project-up202310061/images/5e0efa68e9529bd5.jpg,Hamburger
gs://vertex-ai-project-up202310061/images/01343a37e871fd09.jpg,Airplane
gs://vertex-ai-project-up202310061/images/01451f644c30d470.jpg,Airplane
gs://vertex-ai-project-up202310061/images/015c3c4a93dbf669.jpg,Airplane
gs://vertex-ai-project-up202310061/images/0160e0d0dfa49184.jpg,Airplane
gs://vertex-ai-project-up202310061/images/019c24bc78bf8285.jpg,Airplane
gs://vertex-ai-project-up202310061/images/03e0ea68f4823cd4.jpg,Airplane
gs://vertex-ai-project-up202310061/images/04fa67a6e9e415d4.jpg,Airplane
gs://vertex-ai-project-up202310061/images/053a77b349ed1e9d.jpg,Airplane
gs://vertex-ai-project-up202310061/images/0732f70d9b9f10f4.jpg,Airplane
gs://vertex-ai-project-up202310061/images/078bce3ad453e0ec.jpg,Airplane
gs://vertex-ai-project-up202310061/images/0824d21dd75b938b.jpg,Airplane
gs://vertex-ai-project-up202310061/images/08b4fca5cceef044.jpg,Airplane
gs://vertex-ai-project-up202310061/images/09c7d9199170dff9.jpg,Airplane
gs://vertex-ai-project-up202310061/images/0a80a49f9b0bc08f.jpg,Airplane
gs://vertex-ai-project-up202310061/images/0ae7bb8fa8ffe603.jpg,Airplane
